asset_path	sha256	source_scope	reason_code	reason
/images/assessment/objective-words/fan.webp	c8e392467fefd3cac1d23227a40d4658b2a3ef609876179bcd1a66b6af19c5e2	phonics-hfw	DIRECT_VISUAL_CONFIRMED_PATH_FAILURE	Direct iPad-sized review confirmed basic flat icon treatment; replaced with a professionally rendered isolated raster fan.
/images/assessment/objective-words/tie.webp	7b6d11d14f9823a98c1d2fd67cc92e2905710dbd20360488a75277ca74f510d3	phonics-hfw	DIRECT_VISUAL_CONFIRMED_PATH_FAILURE	Direct iPad-sized review confirmed basic flat icon treatment; replaced with a professionally rendered isolated raster necktie.
/images/assessment/objective-words/clock.webp	36763fbcc55149bddfc5f37abdd132074bef53648b2117692257adc65f4e3c3e	phonics-hfw	DIRECT_VISUAL_CONFIRMED_PATH_FAILURE	Direct iPad-sized review confirmed basic flat icon treatment; replaced with a professionally rendered isolated raster wall clock.
/images/assessment/rhyming/variants/og/dog-02.webp	1c051407e994f41db6e3df8268d3d6c1c01c9023deb522506f30c12a4cc11c09	phonics-hfw	DIRECT_VISUAL_CONFIRMED_PATH_FAILURE	Direct iPad-sized review confirmed a scene-heavy dog card with house, hills, trees, and flowers competing with the assessed referent.
/images/assessment/digraphs/duck.webp	57af845d6d1aa288ffa630888faa2329698170091b81f7de54334afeb7cf7db3	phonics-hfw	DIRECT_VISUAL_CONFIRMED_PATH_FAILURE	Direct iPad-sized review confirmed a scene-heavy pond card with water, plants, and landscape competing with the assessed referent.
/images/assessment/digraphs/watch.webp	7a768da0f8291199e33c35723a185dfc7157f80467ea892bff740ebd8adc6c18	phonics-hfw	DIRECT_VISUAL_CONFIRMED_PATH_FAILURE	Direct iPad-sized review confirmed blurred low-detail clip-art treatment and an edge-to-edge horizontal composition.
/images/assessment/digraphs/wheel.webp	d5f8a253365097ac688d8794240dbb80710f590e24f1ab00a674c94d843be109	phonics-hfw	DIRECT_VISUAL_CONFIRMED_PATH_FAILURE	Direct iPad-sized review confirmed inconsistent icon-like rendering and a visible floor or panel seam behind the wheel.
/images/assessment/release-media/gum-5d736380.webp	586d7cf193ec96562064267190904992a394c9e4dd1e603b213be18ea829b7b8	phonics-hfw	DIRECT_VISUAL_CONFIRMED_PATH_FAILURE	Direct pixel review confirmed a wrapped sweet or candy rather than objectively nameable chewing gum.
/images/assessment/rhyming/variants/ad/bad-02.webp	4772bffac11a6d24c0ee5ef205396663261ce23a85cd9104ceb883026d42fccd	phonics-hfw	DIRECT_VISUAL_CONFIRMED_PATH_FAILURE	Direct pixel review confirmed a plate of mouldy food; the subjective adjective bad is not a directly nameable pictured word.
/images/assessment/rhyming/variants/an/man-02.webp	e4aae95254f84256ec4bbf27e072d738cf7a94abb4a11b9a2f9ff2e337276cd4	phonics-hfw	DIRECT_VISUAL_CONFIRMED_PATH_FAILURE	Direct pixel review confirmed an age-ambiguous person in a busy room; boy or child competes with man.
/images/assessment/rhyming/variants/bun/bun-02.webp	27d3bcfdbf4df262717ac084780321d7890a41953880cccb2fad8c9b38863335	phonics-hfw	DIRECT_VISUAL_CONFIRMED_PATH_FAILURE	Direct pixel review confirmed a child whose hairstyle is a bun, not the directly nameable bread item required by the rhyme set.
/images/assessment/rhyming/variants/ot/dot-02.webp	0bd67967fd0d2840288b83406ea2e08e96585f9535a6e0775fffe986d3b80285	phonics-hfw	DIRECT_VISUAL_CONFIRMED_PATH_FAILURE	Direct pixel review confirmed a child in a polka-dot dress inside a busy shop; dot is not the single pictured referent.
/images/assessment/blends/block.webp	487333440fc337834aca8639ee48d8ca2d49104996e48f0edba25a646a3bd3c1	phonics-hfw	DIRECT_VISUAL_CONFIRMED_PATH_FAILURE	Direct pixel review confirmed a red cube-like solid whose equally likely label is cube; block is not objectively forced.
/images/assessment/blends/brown.webp	a6f7c46deae8dae3ee751f9721d9762ba5e7a126b30b8f8ef4db566b7eb5e707	phonics-hfw	DIRECT_VISUAL_CONFIRMED_PATH_FAILURE	Direct pixel review confirmed a busy classroom scene dominated by a teddy bear; the adjective brown is not the single pictured referent.
/images/assessment/blends/clap.webp	7d7bdea5f51b33fd7163d7193d4e16a718f401bb915a4c8619ca593f6a0bb8b5	phonics-hfw	DIRECT_VISUAL_CONFIRMED_PATH_FAILURE	Direct pixel review confirmed a still of hands with motion marks; hands and clapping compete with the exact base-form action clap.
/images/assessment/blends/desk.webp	27ba637d5998b5eb603529079d8417db3587bc2644f58e3918ec3c6dcb703ff7	phonics-hfw	DIRECT_VISUAL_CONFIRMED_PATH_FAILURE	Direct pixel review confirmed a cluttered classroom table scene; table and school supplies compete with desk.
/images/assessment/blends/glue.webp	e88fc49981f4b42671eb118f3bfc3c985c085e850a345f6e308fe2a7d54be9a2	phonics-hfw	DIRECT_VISUAL_CONFIRMED_PATH_FAILURE	Direct pixel review confirmed a crowded craft table; bottle, shapes, scissors, and table compete with glue.
/images/assessment/blends/hand.webp	3f087733b533941066ef2c42290d3ebe7233be9151b96336ad3cc49e852ca2a7	phonics-hfw	DIRECT_VISUAL_CONFIRMED_PATH_FAILURE	Direct pixel review confirmed a whole child waving; child, girl, and wave compete with hand.
/images/assessment/blends/scarf.webp	5c5a758c834c7ebebc0f8997b5635b11b7357a342f55b9756704d507761d39db	phonics-hfw	DIRECT_VISUAL_CONFIRMED_PATH_FAILURE	Direct pixel review confirmed folded striped fabric on a chair; blanket and cloth compete with scarf.
/images/assessment/blends/sled.webp	08b1ec8416d94e8ff3ced623a1a9e71e1a442937bbf65cda82e2cb1105a5317b	phonics-hfw	DIRECT_VISUAL_CONFIRMED_PATH_FAILURE	Direct pixel review confirmed a child sledding in a detailed snow scene; child and sledding compete with the object sled.
/images/assessment/digraphs/cloth.webp	fb44082c4ead4b22dde65ea07093ea6e6e986043fde401b6a35b7dd7233d97d8	phonics-hfw	DIRECT_VISUAL_CONFIRMED_PATH_FAILURE	Direct pixel review confirmed folded fabric equally nameable as towel or blanket rather than the exact word cloth.
/images/assessment/digraphs/moth.webp	07415a0c84a8459e37a68f372731263dc4323bba322f50e2a41e73b839e68b4a	phonics-hfw	DIRECT_VISUAL_CONFIRMED_PATH_FAILURE	Direct pixel review confirmed a decorative winged insect on a leaf that young children can reasonably name butterfly.
/images/assessment/digraphs/photo.webp	d9c340f720c12f54c01df6ff671d37dcdaece7c4c2dd2ad7136f4d30e03ab07c	phonics-hfw	DIRECT_VISUAL_CONFIRMED_PATH_FAILURE	Direct pixel review confirmed an empty standing frame with no photograph; frame is the directly visible object.
/images/assessment/digraphs/stick.webp	b2f542d59723981c900223043022639437ae8a5193bbde81fce2786f8a3518e8	phonics-hfw	DIRECT_VISUAL_CONFIRMED_PATH_FAILURE	Direct pixel review confirmed a large fallen branch or log in a detailed field; stick is not the sole objective label.
/images/assessment/digraphs/thread.webp	2223ad90e7ed93584f69a6529d03516788a2d37f8820c6d690c322646db96d70	phonics-hfw	DIRECT_VISUAL_CONFIRMED_PATH_FAILURE	Direct pixel review confirmed a spool, needle, and multiple strands; no single referent objectively forces thread.
/images/assessment/digraphs/three.webp	633a202f444544e51a874c7327a84f351fbb880f17d5e1a20510d821921330e3	phonics-hfw	DIRECT_VISUAL_CONFIRMED_PATH_FAILURE	Direct pixel review confirmed three coloured blocks; blocks is the object label and the number word is not a single pictured referent.
/images/assessment/digraphs/thumb.webp	3414890df13a31167765c198c35e586081faba1feb02f0e7d1e5fd3e5e4467a7	phonics-hfw	DIRECT_VISUAL_CONFIRMED_PATH_FAILURE	Direct pixel review confirmed a whole child giving a thumbs-up gesture; child and gesture compete with thumb.
/images/assessment/digraphs/tooth.webp	5a4f6af51c7a5c81b5cfe8f0d9eed3bb27f097ee86ad29d751adf48fb9582f86	phonics-hfw	DIRECT_VISUAL_CONFIRMED_PATH_FAILURE	Direct pixel review confirmed a tooth beside a large toothbrush; toothbrush is a competing named object.
/images/assessment/digraphs/whisk.webp	5033c7a2c06f9253cb75df6031566bd2dc66fd0177bf7c249353f6848c7043d8	phonics-hfw	DIRECT_VISUAL_CONFIRMED_PATH_FAILURE	Direct pixel review confirmed a whisk inside a full mixing bowl; bowl, mixture, and mixing compete with whisk.
/images/assessment/digraphs/white.webp	dbc6ca85dc2db67a9d045ad0b9acccb59461334f7dbada70b2822b2d8e99d51c	phonics-hfw	DIRECT_VISUAL_CONFIRMED_PATH_FAILURE	Direct pixel review confirmed a rabbit in a detailed garden; rabbit is the primary label and white is only an inferred attribute.
/images/assessment/blends/clock.webp	166fdada80f40b3c7866dac99e13fc5b45cc14bcff524407a796f509ce2b6c31	phonics-hfw	DIRECT_VISUAL_CONFIRMED_PATH_FAILURE	Direct visual review confirmed a busy/full scene rather than one simple isolated target, creating style/complexity cues inside answer sets.
/images/assessment/blends/draw.webp	f506d66659895c1f5290dd6e8a782fda039120d508b76baf850413f89119d0b7	phonics-hfw	DIRECT_VISUAL_CONFIRMED_PATH_FAILURE	Direct visual review confirmed a busy/full scene rather than one simple isolated target, creating style/complexity cues inside answer sets.
/images/assessment/blends/slide.webp	27eba712dbde1b88ceea87aff8d47e0c7366681fcefd75ede41f049acfc303c8	phonics-hfw	DIRECT_VISUAL_CONFIRMED_PATH_FAILURE	Direct visual review confirmed a busy/full scene rather than one simple isolated target, creating style/complexity cues inside answer sets.
/images/assessment/blends/smile.webp	109b5bde2b49fdb09c6ad74b977d14c799d43d317eb4566f42087943258406d0	phonics-hfw	DIRECT_VISUAL_CONFIRMED_PATH_FAILURE	Direct visual review confirmed a busy/full scene rather than one simple isolated target, creating style/complexity cues inside answer sets.
/images/assessment/blends/stop.webp	f4656d994818e48bab33626a651caf0aede484c7a6d01d2c9252a7c850300730	phonics-hfw	DIRECT_VISUAL_CONFIRMED_PATH_FAILURE	Human contact-sheet review confirmed visible adjacent-panel strip contamination.
/images/assessment/blends/swim.webp	1dc3252e4f3ced375f4b3aa4ec5b27e63ec218a2072ae6bb4fe7f3c8045d95b3	phonics-hfw	DIRECT_VISUAL_CONFIRMED_PATH_FAILURE	Human contact-sheet review confirmed visible adjacent-panel strip contamination.
/images/assessment/blends/tent.webp	1e91fdcf2c2ab5caaaf33ee5fcf70bb68e1ac68b27992a78132e16ee5d733951	phonics-hfw	DIRECT_VISUAL_CONFIRMED_PATH_FAILURE	Human contact-sheet review confirmed visible adjacent-panel strip contamination.
/images/assessment/blends/train.webp	3d869a13a1e405cf4eee13f1be5a309f122b8979317dcac4d1b2ed893d0ccb09	phonics-hfw	DIRECT_VISUAL_CONFIRMED_PATH_FAILURE	Human contact-sheet review confirmed visible adjacent-panel strip contamination.
/images/assessment/blends/truck.webp	b08495f9f48ea99441eef825e12796ef7f1599a92f0130a5cec528fa49a9f8b7	phonics-hfw	DIRECT_VISUAL_CONFIRMED_PATH_FAILURE	Human contact-sheet review confirmed visible adjacent-panel strip contamination.
/images/assessment/blends/wasp.webp	729a37065c25ae16697ce70e4994a1c162603ef0c17c8294db3f340ad6ca24fe	phonics-hfw	DIRECT_VISUAL_CONFIRMED_PATH_FAILURE	Human contact-sheet review confirmed visible adjacent-panel strip contamination.
/images/assessment/digraphs/bath.webp	597776a7f25bbb7fbea0f122d4dde74c791f268ce6f37b61878b21bb09a9b11f	phonics-hfw	DIRECT_VISUAL_CONFIRMED_PATH_FAILURE	Human contact-sheet review confirmed a visible top adjacent-panel strip/crop remnant.
/images/assessment/digraphs/bench.webp	b9de8dfa9ac82642338071863cf712339c4cbd11fb8cc09a2294b555548a3af5	phonics-hfw	DIRECT_VISUAL_CONFIRMED_PATH_FAILURE	Human contact-sheet review confirmed a visible top adjacent-panel strip/crop remnant.
/images/assessment/digraphs/brick.webp	4a1d810271fb310f71ae9acca82fe3b7d3405eb82544eea4bfa12b2a59503848	phonics-hfw	DIRECT_VISUAL_CONFIRMED_PATH_FAILURE	Human contact-sheet review confirmed a visible top adjacent-panel strip/crop remnant.
/images/assessment/digraphs/brush.webp	6c894f05b971f7924cf46c68dceebf352c89413cfa99690dd847b6c5cd2d0ac0	phonics-hfw	DIRECT_VISUAL_CONFIRMED_PATH_FAILURE	Human contact-sheet review confirmed a visible top adjacent-panel strip/crop remnant.
/images/assessment/digraphs/cheese.webp	2e607524f986000c057861a29679f3002d9cfd013ce6dc794942b46fbd0682c8	phonics-hfw	DIRECT_VISUAL_CONFIRMED_PATH_FAILURE	Human contact-sheet review confirmed a visible top adjacent-panel strip/crop remnant.
/images/assessment/digraphs/cherry.webp	d1c766f785aa78b60bc7e28e83da83d1ab673dd1985db81ed57ac6f91179db08	phonics-hfw	DIRECT_VISUAL_CONFIRMED_PATH_FAILURE	Human contact-sheet review confirmed a visible top adjacent-panel strip/crop remnant.
/images/assessment/digraphs/chip.webp	782189762c38d6dd41771b2100ac60b82c92995678c9bc52c844ab70bdbd66a1	phonics-hfw	DIRECT_VISUAL_CONFIRMED_PATH_FAILURE	Direct visual review confirmed multiple crisps rather than one unambiguous chip.
/images/assessment/digraphs/clock.webp	6568523d33262dd99c09ff4c71a1df7d8c6a479c92b897b5f38d33e5238ecd44	phonics-hfw	DIRECT_VISUAL_CONFIRMED_PATH_FAILURE	Direct visual review confirmed a symbol/spinner depiction rather than an ordinary clock.
/images/assessment/digraphs/dish.webp	51fc9bfaaf7cb37f5759f668b2a271dbd8af6976e64cc008669d021bcb8a38db	phonics-hfw	DIRECT_VISUAL_CONFIRMED_PATH_FAILURE	Direct visual review confirmed the picture reads as a bowl rather than an objective dish target.
/images/assessment/digraphs/neck.webp	78a8b6ba6748ddcc2c46291f85d285b085676a03df82c9d48d57b550e651a0e3	phonics-hfw	DIRECT_VISUAL_CONFIRMED_PATH_FAILURE	Direct visual review confirmed a whole child dominates rather than an isolated neck.
/images/assessment/digraphs/wheat.webp	66eb32561a818d731d404073e2fbb3096e9abd4fb69c0202e083d348c45243f9	phonics-hfw	DIRECT_VISUAL_CONFIRMED_PATH_FAILURE	Human contact-sheet review confirmed a visible top adjacent-panel strip/crop remnant.
/images/assessment/digraphs/whirlpool.webp	acde45ed078f18cf944858335930466a59f72efbc493dc9ccc1195a82a4ec21e	phonics-hfw	DIRECT_VISUAL_CONFIRMED_PATH_FAILURE	Direct visual review confirmed a sink-drain demonstration rather than a simple objective whirlpool.
/images/assessment/generated/concepts/heavy.webp	6a963483fa1a35fc60b81aa811428864bc6e211026922e021cfdf3b09e1010c8	grammar-comprehension	semantic contradiction	The same heavy-box picture is also used as construct support for “light”; one path cannot validly represent both.
/images/assessment/generated/initial-sounds-l2/caterpillar.webp	e529dac069d5f0634122bb1ea065f373e6d55fba9bf931b0351ebd6952976d7c	phonics-hfw	DIRECT_VISUAL_CONFIRMED_PATH_FAILURE	Direct visual review confirmed an alien-like smiling/anthropomorphic treatment.
/images/assessment/generated/initial-sounds-l2/quarter.webp	88238de6fcc893dc927dd22acc1ffae352d2672ab7be1557b8a71578df5a0b29	phonics-hfw	DIRECT_VISUAL_CONFIRMED_PATH_FAILURE	Direct visual review confirmed a US-specific coin, making the word culturally/regionally non-objective.
/images/assessment/generated/initial-sounds-l2/zigzag.webp	e8b99649f9ef0815ce57f6dd69580184ce590c6108462f57101e9d128def252c	phonics-hfw	DIRECT_VISUAL_CONFIRMED_PATH_FAILURE	Human contact-sheet review confirmed a visible neighbouring-panel remnant.
/images/assessment/generated/sequencing/baker-shapes-loaf.webp	040cd1211f8b394f4872fb6b043fc03eaa620d24a4aa4f9b6aa7519474a35b54	grammar-comprehension	adjacent-panel crop contamination	The exported sequence tile visibly includes a strip or seam from a neighbouring sprite/panel at the top, side, or bottom.
/images/assessment/generated/sequencing/cat-curls-on-box.webp	b4f34d94a9df2b0f0f97fdec284017f6bc33558c51980721c1da4d39c4521fde	grammar-comprehension	adjacent-panel crop contamination	The exported sequence tile visibly includes a strip or seam from a neighbouring sprite/panel at the top, side, or bottom.
/images/assessment/generated/sequencing/cat-jumps-on-box.webp	29455e768a53180b02b68c2e33feb2243dc1f8d0306bbcb5afbe97e8da6c450d	grammar-comprehension	adjacent-panel crop contamination	The exported sequence tile visibly includes a strip or seam from a neighbouring sprite/panel at the top, side, or bottom.
/images/assessment/generated/sequencing/cat-sleeps-on-box.webp	08e9937bcc9c737f6c0aa1278507316d9f0d6e4bfa105af27f71d4c4b6f8b04a	grammar-comprehension	adjacent-panel crop contamination	The exported sequence tile visibly includes a strip or seam from a neighbouring sprite/panel at the top, side, or bottom.
/images/assessment/generated/sequencing/cheese-on-bread.webp	f73df47735f28df2a195baaf1fa94e751788f3d96c8ef7b4436c2b1c51f636c2	grammar-comprehension	adjacent-panel crop contamination	The exported sequence tile visibly includes a strip or seam from a neighbouring sprite/panel at the top, side, or bottom.
/images/assessment/generated/sequencing/child-adds-snowman-hat.webp	cbaa13e3413fc2d80e5b166f4f7453b8a1636aa5ae8d748e47478c03ba24eec0	grammar-comprehension	adjacent-panel crop contamination	The exported sequence tile visibly includes a strip or seam from a neighbouring sprite/panel at the top, side, or bottom.
/images/assessment/generated/sequencing/child-adds-sun-rays.webp	cb38f68e19f2c284289e3251dfc6c8f1dbbdec184af931d001f1860d56f5828d	grammar-comprehension	adjacent-panel crop contamination	The exported sequence tile visibly includes a strip or seam from a neighbouring sprite/panel at the top, side, or bottom.
/images/assessment/generated/sequencing/child-bites-apple.webp	4ad157708ff06f5661715ad00842bf8b825bed00fe6f92d5e977e766ea998cbf	grammar-comprehension	adjacent-panel crop contamination	The exported sequence tile visibly includes a strip or seam from a neighbouring sprite/panel at the top, side, or bottom.
/images/assessment/generated/sequencing/child-brushes-dog.webp	5505514ae82fddf51da223c2129f93d39eca0290a527658f58de0bef10d4d407	grammar-comprehension	adjacent-panel crop contamination	The exported sequence tile visibly includes a strip or seam from a neighbouring sprite/panel at the top, side, or bottom.
/images/assessment/generated/sequencing/child-brushes-teeth.webp	d2ff893d631c3afc66fe3143c7d07b6cd9a1411d3298f051927c022a3f91234a	grammar-comprehension	adjacent-panel crop contamination	The exported sequence tile visibly includes a strip or seam from a neighbouring sprite/panel at the top, side, or bottom.
/images/assessment/generated/sequencing/child-builds-snowman-head.webp	4e713e3e56719d5aceb57cb471154394e3ad29de01120995e1b8ed1ca3dcc500	grammar-comprehension	adjacent-panel crop contamination	The exported sequence tile visibly includes a strip or seam from a neighbouring sprite/panel at the top, side, or bottom.
/images/assessment/generated/sequencing/child-clips-dog-lead.webp	507125e28fe4bf967873264fb36d0fe3f6bc7199a77522f4c8a59598c62ada70	grammar-comprehension	adjacent-panel crop contamination	The exported sequence tile visibly includes a strip or seam from a neighbouring sprite/panel at the top, side, or bottom.
/images/assessment/generated/sequencing/child-colours-sun.webp	e2ddfa61a232a5fd033c53989bb60193a2367bcfb4db78a1a81bfa9b5d252bf0	grammar-comprehension	adjacent-panel crop contamination	The exported sequence tile visibly includes a strip or seam from a neighbouring sprite/panel at the top, side, or bottom.
/images/assessment/generated/sequencing/child-draws-circle.webp	4658e8bca9c4007bcdc4949aece0aa96ac7067ad28b5e1759e46cfd9f4165491	grammar-comprehension	adjacent-panel crop contamination	The exported sequence tile visibly includes a strip or seam from a neighbouring sprite/panel at the top, side, or bottom.
/images/assessment/generated/sequencing/child-soaps-hands.webp	90d6c605b111b5f99456fd1c33cdef75af11059bd2080a3867a5a795df312075	grammar-comprehension	adjacent-panel crop contamination	The exported sequence tile visibly includes a strip or seam from a neighbouring sprite/panel at the top, side, or bottom.
/images/assessment/generated/sequencing/child-ties-gift-bow.webp	4f117d080ad00f6529fbc1a40c272f5d98bfc4afb38169bcd33607c3a8c80a25	grammar-comprehension	adjacent-panel crop contamination	The exported sequence tile visibly includes a strip or seam from a neighbouring sprite/panel at the top, side, or bottom.
/images/assessment/generated/sequencing/child-ties-rubbish-bag.webp	b8e8e50124896dd2a596973cd7d484eb1d164b0a583aeaea0ca80ee3c17da71b	grammar-comprehension	adjacent-panel crop contamination	The exported sequence tile visibly includes a strip or seam from a neighbouring sprite/panel at the top, side, or bottom.
/images/assessment/generated/sequencing/child-ties-shoes.webp	234f172b5a7c627589bcf76ae52ec8c1ef58bddd90d3fed6baf49d4a25683d92	grammar-comprehension	adjacent-panel crop contamination	The exported sequence tile visibly includes a strip or seam from a neighbouring sprite/panel at the top, side, or bottom.
/images/assessment/generated/sequencing/child-walks-dog.webp	aa67b8a94a07d4793e879f1e760431cddc1d2f45beabf12a38d3cabd8bbc022d	grammar-comprehension	adjacent-panel crop contamination	The exported sequence tile visibly includes a strip or seam from a neighbouring sprite/panel at the top, side, or bottom.
/images/assessment/generated/sequencing/child-walks-in-rain.webp	8455e11b72b54a14b7bb4dedd9ec429b38241346d4cdbe96532cbb39b8949f48	grammar-comprehension	adjacent-panel crop contamination	The exported sequence tile visibly includes a strip or seam from a neighbouring sprite/panel at the top, side, or bottom.
/images/assessment/generated/sequencing/child-washes-apple.webp	af687b5003ec07ad18eab550b98a5b4c7c0c6557724b71074bc66b65323eb701	grammar-comprehension	adjacent-panel crop contamination	The exported sequence tile visibly includes a strip or seam from a neighbouring sprite/panel at the top, side, or bottom.
/images/assessment/generated/sequencing/child-waters-seed.webp	ca0f4329c434a03eb1dce0a147317949dd65cea075e296f487f403d460802b4e	grammar-comprehension	adjacent-panel crop contamination	The exported sequence tile visibly includes a strip or seam from a neighbouring sprite/panel at the top, side, or bottom.
/images/assessment/generated/sequencing/child-wets-hands.webp	2589f5d45348ee3ef2250a5af850284776038ddab34643d2ecc223ff2ed597ba	grammar-comprehension	adjacent-panel crop contamination	The exported sequence tile visibly includes a strip or seam from a neighbouring sprite/panel at the top, side, or bottom.
/images/assessment/generated/sequencing/child-wraps-gift.webp	dc575047ff4bf668e5d9654cdaa19768ad9f0e53c8e26350c91fee412367f1ec	grammar-comprehension	adjacent-panel crop contamination	The exported sequence tile visibly includes a strip or seam from a neighbouring sprite/panel at the top, side, or bottom.
/images/assessment/generated/sequencing/closed-sandwich.webp	2ddbc19a900c1c5b22f61bb884ef4f39015b94e9b451cbae43724db15eaadc95	grammar-comprehension	adjacent-panel crop contamination	The exported sequence tile visibly includes a strip or seam from a neighbouring sprite/panel at the top, side, or bottom.
/images/assessment/generated/sequencing/dog-chases-ball.webp	f9bdf463235e55baf1ae65cda05aa310f105097736ba43b3fa8cf62858760adf	grammar-comprehension	adjacent-panel crop contamination	The exported sequence tile visibly includes a strip or seam from a neighbouring sprite/panel at the top, side, or bottom.
/images/assessment/generated/sequencing/dog-returns-ball.webp	e64daa81ad780bc294c8390b793ce15f391977acfec452df968049c03069125b	grammar-comprehension	adjacent-panel crop contamination	The exported sequence tile visibly includes a strip or seam from a neighbouring sprite/panel at the top, side, or bottom.
/images/assessment/generated/sequencing/egg-cooks-in-pan.webp	87e7b278c9074bcaff9d6d1569f8177b410efab6d4b4862c9c2e7acbef3535f2	grammar-comprehension	adjacent-panel crop contamination	The exported sequence tile visibly includes a strip or seam from a neighbouring sprite/panel at the top, side, or bottom.
/images/assessment/generated/sequencing/school-bus-doors-open.webp	acc3cbb312c9f0d7b2e80fb52e0dd0423dd0d07c98c7cf1aa102964ef34a508f	grammar-comprehension	adjacent-panel crop contamination	The exported sequence tile visibly includes a strip or seam from a neighbouring sprite/panel at the top, side, or bottom.
/images/assessment/generated/sequencing/school-bus-stops.webp	921eb6cf0ee3b8016ae553b4a062c71d8b51146bb6ff72d6b7072890b2791859	grammar-comprehension	adjacent-panel crop contamination	The exported sequence tile visibly includes a strip or seam from a neighbouring sprite/panel at the top, side, or bottom.
/images/assessment/generated/sequencing/seed-grows-shoot.webp	9d1b049186e51e912e3ab9f408db61f24a06e930bbe596fd5c2d6074a8658620	grammar-comprehension	adjacent-panel crop contamination	The exported sequence tile visibly includes a strip or seam from a neighbouring sprite/panel at the top, side, or bottom.
/images/assessment/generated/sequencing/toast-pops-up.webp	033fee39a6332e70a8eaefd7a113ad5d5426d2701808f7663acdb253f8258bb2	grammar-comprehension	adjacent-panel crop contamination	The exported sequence tile visibly includes a strip or seam from a neighbouring sprite/panel at the top, side, or bottom.
/images/assessment/hfw/big.webp	eeaccfc94c9586628acd4f05518f043235413089b53798fc3b6188715656f4a2	phonics-hfw|grammar-comprehension	DIRECT_VISUAL_CONFIRMED_PATH_FAILURE|ambiguous scoring image + crop	Direct visual review confirmed an unrelated mosaic strip at the top and scene-based rather than isolated evidence. | “big” is represented by a child/box scene with an unrelated strip at the top; size is not objectively demonstrated.
/images/assessment/hfw/her.webp	c7766263894f628b7922d2403dd8da3e8c0a836b67a1176a139b3e0232f88514	phonics-hfw	DIRECT_VISUAL_CONFIRMED_PATH_FAILURE	Direct visual review confirmed an unrelated mosaic strip at the top and scene-based rather than isolated evidence.
/images/assessment/hfw/new.webp	838100874d5dc73d39138a3369a2bf25a2a6b48aad988fd333b66b8d0630cf67	phonics-hfw|grammar-comprehension	DIRECT_VISUAL_CONFIRMED_PATH_FAILURE|category mismatch	Direct visual review confirmed an unrelated mosaic strip at the top and scene-based rather than isolated evidence. | “new” is represented by a child reading; nothing identifies the object as new.
/images/assessment/hfw/old.webp	e7cc1c4816db1475ccdcdf09eb95b4f4b57caedec845a83904a90bc823bb4f85	grammar-comprehension	category mismatch	“old” is represented by a child reading; nothing identifies the object as old.
/images/assessment/hfw/up.webp	fb8f12fc5fd45dc05d284647c976cbfbfc1a0c6fc8075e36af66186956ce3875	phonics-hfw	DIRECT_VISUAL_CONFIRMED_PATH_FAILURE	Direct visual review confirmed an unrelated mosaic strip at the top and scene-based rather than isolated evidence.
/images/assessment/language/variants/plurals/cat-cats-01.webp	613e6304c35e8abe8f9c08e745ab4e938f664ee766e19c67ab4b03f124d87058	grammar-comprehension	poor crop/scale	The cat group is very small with excessive blank space, making it weaker than sibling plural cards.
/images/assessment/language/variants/plurals/cup-cups-01.webp	714b04ba231d8a41443cef29379e9358d59355afc32971a5243192413d76e633	grammar-comprehension	crop/panel contamination	The cups comparison contains a hard divider/border and excessive blank space.
/images/assessment/language/variants/plurals/day-days-01.webp	8ef85beaf1ecdfb69da4893e6a67a955518050b016117cb04ea4340f6cae3312	grammar-comprehension	complex/competing evidence	The “day” scoring card is a four-panel time sequence including night, not one clear daylight exemplar.
/images/assessment/language/variants/plurals/dog-dogs-01.webp	46afa1eae9e42f1e2ce1258cccfbe785971628e53e4fd087b67687e9d7ed54e5	grammar-comprehension	poor crop/scale	The dog group is very small with excessive blank space and edge/border contamination.
/images/assessment/language/variants/plurals/kangaroo-kangaroos-01.webp	dcdccd49f921270a16a6eebe2dfbc2df1a849c043d878cce8df193109a3df08f	phonics-hfw	DIRECT_VISUAL_CONFIRMED_PATH_FAILURE	Direct visual review confirmed plural/comparison composite art, split panels, multiple targets, or adjacent-scene remnants reused as singular phonics evidence.
/images/assessment/language/variants/plurals/key-keys-01.webp	24454545f392c9427c34690f7b6b664a17fc91dac2bd68672bd43dce3441bdb7	phonics-hfw	DIRECT_VISUAL_CONFIRMED_PATH_FAILURE	Direct visual review confirmed plural/comparison composite art, split panels, multiple targets, or adjacent-scene remnants reused as singular phonics evidence.
/images/assessment/language/variants/plurals/tiger-tigers-01.webp	57e7ead98ed1a16bfb89ec19fb26165d3a9e9bfb8e2b3ebb51d9242b1bb03117	phonics-hfw	DIRECT_VISUAL_CONFIRMED_PATH_FAILURE	Direct visual review confirmed plural/comparison composite art, split panels, multiple targets, or adjacent-scene remnants reused as singular phonics evidence.
/images/assessment/language/variants/plurals/tomato-tomatoes-01.webp	e4b153c101dc7d75b94373eb9bcfa39d4fe449220af116e57331692f1d9856e0	phonics-hfw	DIRECT_VISUAL_CONFIRMED_PATH_FAILURE	Direct visual review confirmed plural/comparison composite art, split panels, multiple targets, or adjacent-scene remnants reused as singular phonics evidence.
/images/assessment/language/variants/plurals/toy-toys-01.webp	73e33707c123e4a2f38cab1c653342e18cf7a2fd77e519bb439b19c68c107c41	phonics-hfw	DIRECT_VISUAL_CONFIRMED_PATH_FAILURE	Direct visual review confirmed plural/comparison composite art, split panels, multiple targets, or adjacent-scene remnants reused as singular phonics evidence.
/images/assessment/language/variants/plurals/window-windows-01.webp	2202bb2b9467226fc2dd08a45d6c7006bb0fca7f5ccdf4078ebd4655a792d06c	phonics-hfw	DIRECT_VISUAL_CONFIRMED_PATH_FAILURE	Direct visual review confirmed plural/comparison composite art, split panels, multiple targets, or adjacent-scene remnants reused as singular phonics evidence.
/images/assessment/language/variants/plurals/zoo-zoos-01.webp	2a86c0eb5cbbc8ef71d2897ff00141248cd37be38b607b5096580ee75219c84f	phonics-hfw	DIRECT_VISUAL_CONFIRMED_PATH_FAILURE	Direct visual review confirmed plural/comparison composite art, split panels, multiple targets, or adjacent-scene remnants reused as singular phonics evidence.
/images/assessment/long-vowels/beach.webp	6112778820b8137bfd5519bfd0d9a9b7a0565d17aca6b6d953373df93de369d6	phonics-hfw	DIRECT_VISUAL_CONFIRMED_PATH_FAILURE	Human contact-sheet review confirmed visible top/side adjacent-panel contamination.
/images/assessment/long-vowels/bike.webp	09e9e65718b352d6cfe5792bd2b0c524c19124c3fbcda677b74e820a810e4509	phonics-hfw	DIRECT_VISUAL_CONFIRMED_PATH_FAILURE	Human contact-sheet review confirmed visible top/side adjacent-panel contamination.
/images/assessment/long-vowels/blue.webp	8e9a38f849851009b9a6bcbb30d4bddf0731226ee14040f965b4eac11099984a	phonics-hfw	DIRECT_VISUAL_CONFIRMED_PATH_FAILURE	Human contact-sheet review confirmed visible top/side adjacent-panel contamination.
/images/assessment/long-vowels/boat.webp	ceb992efe59f2d14198aaac812ff590d52cf25e5b9eb8abca46f1ed582c3ac76	phonics-hfw	DIRECT_VISUAL_CONFIRMED_PATH_FAILURE	Human contact-sheet review confirmed visible top/side adjacent-panel contamination.
/images/assessment/long-vowels/bone.webp	3b52d61a55c97563b0e677e822de7021660f67b2e20a381567ce1acdc3d9a21c	phonics-hfw	DIRECT_VISUAL_CONFIRMED_PATH_FAILURE	Human contact-sheet review confirmed visible top/side adjacent-panel contamination.
/images/assessment/long-vowels/cake.webp	2af80b5953271b3764b25092753387533804e2c5a727813bc2fa546724bc861d	phonics-hfw	DIRECT_VISUAL_CONFIRMED_PATH_FAILURE	Human contact-sheet review confirmed visible top/side adjacent-panel contamination.
/images/assessment/long-vowels/chew.webp	1e45dac8517b13174185a8ae0beee22cdf281b8fe05d1b9f10414ddb1ccac1b1	phonics-hfw	DIRECT_VISUAL_CONFIRMED_PATH_FAILURE	Human contact-sheet review confirmed visible top/side adjacent-panel contamination.
/images/assessment/long-vowels/complete.webp	268a6c858179c0956532ce13221de8eec778622952bbb39d9d7ce1ab67ce828e	phonics-hfw	DIRECT_VISUAL_CONFIRMED_PATH_FAILURE	Human contact-sheet review confirmed visible top/side adjacent-panel contamination.
/images/assessment/long-vowels/cone.webp	15f03964769b89d043bb75889c8433eb622d8da65c18064ec2dcca6e78a92eab	phonics-hfw	DIRECT_VISUAL_CONFIRMED_PATH_FAILURE	Direct visual review confirmed the image is an ice-cream cone rather than an objective generic cone.
/images/assessment/long-vowels/cube.webp	767c6e1545051391e0d7719491767dbc701fb96d85b1ee8f6442d8ea35f89f6d	phonics-hfw	DIRECT_VISUAL_CONFIRMED_PATH_FAILURE	Human contact-sheet review confirmed visible top/side adjacent-panel contamination.
/images/assessment/long-vowels/five.webp	5e7a00dc786e76d859d3ed6d7a86569f7da1821946066b468dc3597139ab5fd1	phonics-hfw	DIRECT_VISUAL_CONFIRMED_PATH_FAILURE	Human contact-sheet review confirmed visible top/side adjacent-panel contamination.
/images/assessment/long-vowels/flute.webp	5dcbdbd5ecfaba557adceb577a82d404a8f66de0f5c0c2d2f829af3c45c4a416	phonics-hfw	DIRECT_VISUAL_CONFIRMED_PATH_FAILURE	Human contact-sheet review confirmed visible top/side adjacent-panel contamination.
/images/assessment/long-vowels/light.webp	85aa3e4e1b1c947fc133e87282df3f1fbfb5bed2cece0c46c92608d3ce613f55	phonics-hfw	DIRECT_VISUAL_CONFIRMED_PATH_FAILURE	Direct visual review confirmed the picture is a lamp; light is only an inferred property/category.
/images/assessment/long-vowels/plane.webp	e44ef181937103a8ba995e095a00845afb95bbc0ac78d0130d74753a769c864b	phonics-hfw	DIRECT_VISUAL_CONFIRMED_PATH_FAILURE	Human contact-sheet review confirmed visible top/side adjacent-panel contamination.
/images/assessment/long-vowels/rose.webp	caa967607eebeb8da460492130656968e47d7832c1ec6237a2dfd58504ecf358	phonics-hfw	DIRECT_VISUAL_CONFIRMED_PATH_FAILURE	Human contact-sheet review confirmed visible top/side adjacent-panel contamination.
/images/assessment/long-vowels/snake.webp	4232a5195baacd36cc335194f32fa0cb9e115ce38c48c4f6666ca32463f0d725	phonics-hfw	DIRECT_VISUAL_CONFIRMED_PATH_FAILURE	Human contact-sheet review confirmed visible top/side adjacent-panel contamination.
/images/assessment/long-vowels/tie.webp	f9667f662c76c25e4f64e4787f8056d6bb281032f39bc1204edfa9142768c6f8	phonics-hfw	DIRECT_VISUAL_CONFIRMED_PATH_FAILURE	Direct visual review confirmed the tie is subordinate to a chair/scene rather than isolated.
/images/assessment/long-vowels/toe.webp	2eb61053ae532686b766ac7ab16388638201aba83d8d2908beca7fba9dad8d43	phonics-hfw	DIRECT_VISUAL_CONFIRMED_PATH_FAILURE	Direct visual review confirmed a whole sandal/foot dominates rather than an isolated toe.
/images/assessment/long-vowels/tube.webp	6fc2a63b243595d6981dd66c24e5e440d04f1ba993bd36f7dd0f07b62caad18c	phonics-hfw	DIRECT_VISUAL_CONFIRMED_PATH_FAILURE	Human contact-sheet review confirmed visible top/side adjacent-panel contamination.
/images/assessment/release-media/ant-800d67c2.webp	e73e187ab1073ffbc740ad981c5485bffbe792660be0f37a9cf67edf65d7803b	grammar-comprehension	over-anthropomorphic	The ant has a large human smile and eyes, weakening objective animal evidence.
/images/assessment/release-media/insect-e4a85548.webp	eadb380f91900f2a758e9c79c7306bbc1a61318ad7ef9167df58c8db9ec71636	phonics-hfw	DIRECT_VISUAL_CONFIRMED_PATH_FAILURE	Direct visual review confirmed a smiling butterfly; it is both narrower than insect and anthropomorphic.
/images/assessment/release-media/nut-1602084b.webp	68778dafe24aa515ba378960ac77d5b6fa43f389e272cc737c692b7cd9c1618d	phonics-hfw	DIRECT_VISUAL_CONFIRMED_PATH_FAILURE	Direct visual review confirmed a peanut-specific depiction rather than a neutral generic nut.
/images/assessment/release-media/octopus-b5f04924.webp	72d1d271259821aac12e72d2730f5f9aaa7b947c42bba1593966318ac167727c	phonics-hfw	DIRECT_VISUAL_CONFIRMED_PATH_FAILURE	Direct visual review confirmed smiling character treatment rather than neutral assessment object art.
/images/assessment/release-media/ox-9ef24344.webp	57a8e4a0a7c1276aceae09de2a267aabab0d86eee74677cbf85236b6df39cada	phonics-hfw	DIRECT_VISUAL_CONFIRMED_PATH_FAILURE	Direct visual review confirmed the animal reads as a generic cow/bull rather than an objective ox.
/images/assessment/release-media/surf-c5ce540e.webp	8c68c9bcf111f59244c3bf0ee757b2d133486a680626f1122cab2b0ef755cd5b	phonics-hfw	DIRECT_VISUAL_CONFIRMED_PATH_FAILURE	Direct visual review confirmed a shark-fin scene; surf is not the dominant objectively nameable target.
/images/assessment/release-media/uncle-a74a5bca.webp	6eb1461a05c9d6756dee61868301da29ddab045f0c7df3dfc80b539289a581cb	phonics-hfw	DIRECT_VISUAL_CONFIRMED_PATH_FAILURE	Direct visual review confirmed a generic man; the relationship uncle cannot be inferred objectively.
/images/assessment/release-media/vet-3951b878.webp	0f305885349ee78002321e212c2374f0f93fc341d43c78dcd2e84527cca8c65c	phonics-hfw	DIRECT_VISUAL_CONFIRMED_PATH_FAILURE	Direct visual review confirmed only a stethoscope; the occupation vet is not objectively identifiable.
/images/assessment/release-media/worm-dd2347fd.webp	036eed998fdb32e447303f62cd572c0ff2b429dc2999148b1a0c1546857930bf	phonics-hfw	DIRECT_VISUAL_CONFIRMED_PATH_FAILURE	Direct visual review confirmed smiling character treatment rather than neutral assessment object art.
/images/assessment/release-support/hfw/a.webp	406530e780356788e6f2bd11a4c175d46496a00072f38a5ffda85d9650b7e45d	phonics-hfw	DIRECT_VISUAL_CONFIRMED_POOL_FAILURE	Direct visual review confirmed a construct-level failure across this 100-image HFW scene pool: subjective/rebus-like imagery is unnecessary and can cue or distract from spoken-to-print recognition.
/images/assessment/release-support/hfw/about.webp	25a0539f69334a76b18236eebb667c56e11b3a25c8dbfcb172b488b8e47c2f71	phonics-hfw	DIRECT_VISUAL_CONFIRMED_POOL_FAILURE	Direct visual review confirmed a construct-level failure across this 100-image HFW scene pool: subjective/rebus-like imagery is unnecessary and can cue or distract from spoken-to-print recognition.
/images/assessment/release-support/hfw/all.webp	fcc26459a848e8667cd9991f5937d2bcfe96666cc766cefb0d93854d97bff7fd	phonics-hfw	DIRECT_VISUAL_CONFIRMED_POOL_FAILURE	Direct visual review confirmed a construct-level failure across this 100-image HFW scene pool: subjective/rebus-like imagery is unnecessary and can cue or distract from spoken-to-print recognition.
/images/assessment/release-support/hfw/an.webp	60ab3dffb7acfcce9e03004065208be7370e08696bd9ec763d3ed133edac0b07	phonics-hfw	DIRECT_VISUAL_CONFIRMED_POOL_FAILURE	Direct visual review confirmed a construct-level failure across this 100-image HFW scene pool: subjective/rebus-like imagery is unnecessary and can cue or distract from spoken-to-print recognition.
/images/assessment/release-support/hfw/and.webp	caf8762223cab0810dfc9312edec639446683e10896107937e3e040eca2f0cd1	phonics-hfw	DIRECT_VISUAL_CONFIRMED_POOL_FAILURE	Direct visual review confirmed a construct-level failure across this 100-image HFW scene pool: subjective/rebus-like imagery is unnecessary and can cue or distract from spoken-to-print recognition.
/images/assessment/release-support/hfw/are.webp	2df71c2696412e0edf414e111a09a254105d93c719e3e8c1f8318bb5d695b240	phonics-hfw	DIRECT_VISUAL_CONFIRMED_POOL_FAILURE	Direct visual review confirmed a construct-level failure across this 100-image HFW scene pool: subjective/rebus-like imagery is unnecessary and can cue or distract from spoken-to-print recognition.
/images/assessment/release-support/hfw/as.webp	3fb7b3a6ab96abcbe678571812beb7ba9fd2f0dcedcb812b022af9fc66ffa8a0	phonics-hfw	DIRECT_VISUAL_CONFIRMED_POOL_FAILURE	Direct visual review confirmed a construct-level failure across this 100-image HFW scene pool: subjective/rebus-like imagery is unnecessary and can cue or distract from spoken-to-print recognition.
/images/assessment/release-support/hfw/at.webp	6b1cbb8a466a41b46d71137a1b87398b5617a078319420233f5b59f6fd4b58f7	phonics-hfw	DIRECT_VISUAL_CONFIRMED_POOL_FAILURE	Direct visual review confirmed a construct-level failure across this 100-image HFW scene pool: subjective/rebus-like imagery is unnecessary and can cue or distract from spoken-to-print recognition.
/images/assessment/release-support/hfw/be.webp	68e2604d1fc483b02fe5badbe0cc4dcecce522f106068f5de089e4fe98fdcb79	phonics-hfw	DIRECT_VISUAL_CONFIRMED_POOL_FAILURE	Direct visual review confirmed a construct-level failure across this 100-image HFW scene pool: subjective/rebus-like imagery is unnecessary and can cue or distract from spoken-to-print recognition.
/images/assessment/release-support/hfw/been.webp	8b6021575959ba034ef7d79a3955ca2b78c5e5c4acd30d2d83fb81ecf92888d6	phonics-hfw	DIRECT_VISUAL_CONFIRMED_POOL_FAILURE	Direct visual review confirmed a construct-level failure across this 100-image HFW scene pool: subjective/rebus-like imagery is unnecessary and can cue or distract from spoken-to-print recognition.
/images/assessment/release-support/hfw/but.webp	42f8acba36af44d28538a854a042bad6cdec52582ef22b6121ed925d8de3488d	phonics-hfw	DIRECT_VISUAL_CONFIRMED_POOL_FAILURE	Direct visual review confirmed a construct-level failure across this 100-image HFW scene pool: subjective/rebus-like imagery is unnecessary and can cue or distract from spoken-to-print recognition.
/images/assessment/release-support/hfw/by.webp	90f1b2f52e25ec65081d88e6b95c822ab7b95018db50ea96a067e603cfc3c135	phonics-hfw	DIRECT_VISUAL_CONFIRMED_POOL_FAILURE	Direct visual review confirmed a construct-level failure across this 100-image HFW scene pool: subjective/rebus-like imagery is unnecessary and can cue or distract from spoken-to-print recognition.
/images/assessment/release-support/hfw/called.webp	1fe54ce6a68f7483693a15eced5c9be56efc35da76081001c520acad580923da	phonics-hfw	DIRECT_VISUAL_CONFIRMED_POOL_FAILURE	Direct visual review confirmed a construct-level failure across this 100-image HFW scene pool: subjective/rebus-like imagery is unnecessary and can cue or distract from spoken-to-print recognition.
/images/assessment/release-support/hfw/can.webp	7e43e795b509afb175d3d17d487971a4a3a2d5bbdcbc6551f4c5572a897d105e	phonics-hfw	DIRECT_VISUAL_CONFIRMED_POOL_FAILURE	Direct visual review confirmed a construct-level failure across this 100-image HFW scene pool: subjective/rebus-like imagery is unnecessary and can cue or distract from spoken-to-print recognition.
/images/assessment/release-support/hfw/come.webp	5e933fe576ec7d208676d969f7a7609fd2685901b0018feb40be16046c3ce368	phonics-hfw	DIRECT_VISUAL_CONFIRMED_POOL_FAILURE	Direct visual review confirmed a construct-level failure across this 100-image HFW scene pool: subjective/rebus-like imagery is unnecessary and can cue or distract from spoken-to-print recognition.
/images/assessment/release-support/hfw/could.webp	c52d0be56229deb3ddd0c586f008a3da08d7e5db36bdb8bbf46f57c719cc2ed6	phonics-hfw	DIRECT_VISUAL_CONFIRMED_POOL_FAILURE	Direct visual review confirmed a construct-level failure across this 100-image HFW scene pool: subjective/rebus-like imagery is unnecessary and can cue or distract from spoken-to-print recognition.
/images/assessment/release-support/hfw/day.webp	842a901298abda8be037206bfb46fb341059a1f4eaa3bfc68a64ba4096839a76	phonics-hfw	DIRECT_VISUAL_CONFIRMED_POOL_FAILURE	Direct visual review confirmed a construct-level failure across this 100-image HFW scene pool: subjective/rebus-like imagery is unnecessary and can cue or distract from spoken-to-print recognition.
/images/assessment/release-support/hfw/did.webp	492e6edbeb3708c732d394e4d6db32093784d65dd031fd0838d941c2e6c96c21	phonics-hfw	DIRECT_VISUAL_CONFIRMED_POOL_FAILURE	Direct visual review confirmed a construct-level failure across this 100-image HFW scene pool: subjective/rebus-like imagery is unnecessary and can cue or distract from spoken-to-print recognition.
/images/assessment/release-support/hfw/do.webp	466fca79da2a1fabfe864df41b5e532c867ccce04bfb81a7f51a16c3e131ead6	phonics-hfw	DIRECT_VISUAL_CONFIRMED_POOL_FAILURE	Direct visual review confirmed a construct-level failure across this 100-image HFW scene pool: subjective/rebus-like imagery is unnecessary and can cue or distract from spoken-to-print recognition.
/images/assessment/release-support/hfw/down.webp	d49722684929a0a73a03a43d7aa7f44bcf88a34c843fa23dcdf1bd21f3fcb644	phonics-hfw	DIRECT_VISUAL_CONFIRMED_POOL_FAILURE	Direct visual review confirmed a construct-level failure across this 100-image HFW scene pool: subjective/rebus-like imagery is unnecessary and can cue or distract from spoken-to-print recognition.
/images/assessment/release-support/hfw/each.webp	e89eb333b7c42193bfd629270bece1bfaec0484dec3c4d8a5d5661178d26d7a9	phonics-hfw	DIRECT_VISUAL_CONFIRMED_POOL_FAILURE	Direct visual review confirmed a construct-level failure across this 100-image HFW scene pool: subjective/rebus-like imagery is unnecessary and can cue or distract from spoken-to-print recognition.
/images/assessment/release-support/hfw/find.webp	85a1f41106fffc78410cd585f281782920f2456dcd253f1790871ad727379c69	phonics-hfw	DIRECT_VISUAL_CONFIRMED_POOL_FAILURE	Direct visual review confirmed a construct-level failure across this 100-image HFW scene pool: subjective/rebus-like imagery is unnecessary and can cue or distract from spoken-to-print recognition.
/images/assessment/release-support/hfw/first.webp	0f5be16d3c875467cc39f0e6b40a3358a28d236073199261c7f5d2fa0eb9273e	phonics-hfw	DIRECT_VISUAL_CONFIRMED_POOL_FAILURE	Direct visual review confirmed a construct-level failure across this 100-image HFW scene pool: subjective/rebus-like imagery is unnecessary and can cue or distract from spoken-to-print recognition.
/images/assessment/release-support/hfw/for.webp	e15eace432b6fbbebda24ecf591329ccb849a24699cd98db17a463a7549af51d	phonics-hfw	DIRECT_VISUAL_CONFIRMED_POOL_FAILURE	Direct visual review confirmed a construct-level failure across this 100-image HFW scene pool: subjective/rebus-like imagery is unnecessary and can cue or distract from spoken-to-print recognition.
/images/assessment/release-support/hfw/from.webp	34b062c3ca2f9a3de57bae6997610fca520cd2c1c270f2fd3d5603d2f1f543c9	phonics-hfw	DIRECT_VISUAL_CONFIRMED_POOL_FAILURE	Direct visual review confirmed a construct-level failure across this 100-image HFW scene pool: subjective/rebus-like imagery is unnecessary and can cue or distract from spoken-to-print recognition.
/images/assessment/release-support/hfw/get.webp	e2035e928303e61a85f6a7ade81b809ad530ec88bf5c011e66d7fc1923143bfe	phonics-hfw	DIRECT_VISUAL_CONFIRMED_POOL_FAILURE	Direct visual review confirmed a construct-level failure across this 100-image HFW scene pool: subjective/rebus-like imagery is unnecessary and can cue or distract from spoken-to-print recognition.
/images/assessment/release-support/hfw/go.webp	e695ad56a7cf53fff760b65b67abdef2962d6c4cfec568d68973941545637384	phonics-hfw	DIRECT_VISUAL_CONFIRMED_POOL_FAILURE	Direct visual review confirmed a construct-level failure across this 100-image HFW scene pool: subjective/rebus-like imagery is unnecessary and can cue or distract from spoken-to-print recognition.
/images/assessment/release-support/hfw/had.webp	13b58a1029754aedffd9ca2f461b6bed95b8f8324628fba1b497245b0293b095	phonics-hfw	DIRECT_VISUAL_CONFIRMED_POOL_FAILURE	Direct visual review confirmed a construct-level failure across this 100-image HFW scene pool: subjective/rebus-like imagery is unnecessary and can cue or distract from spoken-to-print recognition.
/images/assessment/release-support/hfw/has.webp	f9b8b6400810b046722d38708277723f74e2d169e70381e116519bd61e3cbe36	phonics-hfw	DIRECT_VISUAL_CONFIRMED_POOL_FAILURE	Direct visual review confirmed a construct-level failure across this 100-image HFW scene pool: subjective/rebus-like imagery is unnecessary and can cue or distract from spoken-to-print recognition.
/images/assessment/release-support/hfw/have.webp	0c7d7aed69dd59aeeb81919027bb044171697616181b3f7c9ef07967a737f620	phonics-hfw	DIRECT_VISUAL_CONFIRMED_POOL_FAILURE	Direct visual review confirmed a construct-level failure across this 100-image HFW scene pool: subjective/rebus-like imagery is unnecessary and can cue or distract from spoken-to-print recognition.
/images/assessment/release-support/hfw/he.webp	f55cfc81b4782ce671695595da1f70fba90b7085f244eddffca9dbc4ccd9f5ea	phonics-hfw	DIRECT_VISUAL_CONFIRMED_POOL_FAILURE	Direct visual review confirmed a construct-level failure across this 100-image HFW scene pool: subjective/rebus-like imagery is unnecessary and can cue or distract from spoken-to-print recognition.
/images/assessment/release-support/hfw/her.webp	342f7246b4b764e94ec499d041244ffafab4ddafb71bc90295b48de145815564	phonics-hfw	DIRECT_VISUAL_CONFIRMED_POOL_FAILURE	Direct visual review confirmed a construct-level failure across this 100-image HFW scene pool: subjective/rebus-like imagery is unnecessary and can cue or distract from spoken-to-print recognition.
/images/assessment/release-support/hfw/him.webp	65a762ae2f89aeb87ddb70daf6c5036b8056c25385f784a6aa17adf8b8363c7f	phonics-hfw	DIRECT_VISUAL_CONFIRMED_POOL_FAILURE	Direct visual review confirmed a construct-level failure across this 100-image HFW scene pool: subjective/rebus-like imagery is unnecessary and can cue or distract from spoken-to-print recognition.
/images/assessment/release-support/hfw/his.webp	f7e555a1f8f091f0b59536c69652350b3d2f1929fc3e50c7bffc0c0713f6c94a	phonics-hfw	DIRECT_VISUAL_CONFIRMED_POOL_FAILURE	Direct visual review confirmed a construct-level failure across this 100-image HFW scene pool: subjective/rebus-like imagery is unnecessary and can cue or distract from spoken-to-print recognition.
/images/assessment/release-support/hfw/how.webp	3fb7e2fc84daf44377860cd458c568c1009edd49dd021e275af6b63ceec175db	phonics-hfw	DIRECT_VISUAL_CONFIRMED_POOL_FAILURE	Direct visual review confirmed a construct-level failure across this 100-image HFW scene pool: subjective/rebus-like imagery is unnecessary and can cue or distract from spoken-to-print recognition.
/images/assessment/release-support/hfw/i.webp	67b1b3772883920dc5d2f75cd60c9a33f74cf94a868a20b3e811c82a63a640a9	phonics-hfw	DIRECT_VISUAL_CONFIRMED_POOL_FAILURE	Direct visual review confirmed a construct-level failure across this 100-image HFW scene pool: subjective/rebus-like imagery is unnecessary and can cue or distract from spoken-to-print recognition.
/images/assessment/release-support/hfw/if.webp	9771e078ba4972a31ee1f137af7a29051f7fcca5c6908565e08787fb35b33b0c	phonics-hfw	DIRECT_VISUAL_CONFIRMED_POOL_FAILURE	Direct visual review confirmed a construct-level failure across this 100-image HFW scene pool: subjective/rebus-like imagery is unnecessary and can cue or distract from spoken-to-print recognition.
/images/assessment/release-support/hfw/in.webp	4a86aa89394104534fbefbf8dd1c2a3943f718edb21d8af76a716167a24912e8	phonics-hfw	DIRECT_VISUAL_CONFIRMED_POOL_FAILURE	Direct visual review confirmed a construct-level failure across this 100-image HFW scene pool: subjective/rebus-like imagery is unnecessary and can cue or distract from spoken-to-print recognition.
/images/assessment/release-support/hfw/into.webp	13ad3c6a9ee4916417765a511b0cc1d51bbe644d63392b6ba851f38751cc9f76	phonics-hfw	DIRECT_VISUAL_CONFIRMED_POOL_FAILURE	Direct visual review confirmed a construct-level failure across this 100-image HFW scene pool: subjective/rebus-like imagery is unnecessary and can cue or distract from spoken-to-print recognition.
/images/assessment/release-support/hfw/is.webp	84eabec5d93c0b3a2fc1f53154af66de5bb1b621275bfe50cd0f5aa29ee6814a	phonics-hfw	DIRECT_VISUAL_CONFIRMED_POOL_FAILURE	Direct visual review confirmed a construct-level failure across this 100-image HFW scene pool: subjective/rebus-like imagery is unnecessary and can cue or distract from spoken-to-print recognition.
/images/assessment/release-support/hfw/it.webp	667b2aca134a98047e9e6d2485ebf7d49521476774ff166edb1aa94b33869114	phonics-hfw	DIRECT_VISUAL_CONFIRMED_POOL_FAILURE	Direct visual review confirmed a construct-level failure across this 100-image HFW scene pool: subjective/rebus-like imagery is unnecessary and can cue or distract from spoken-to-print recognition.
/images/assessment/release-support/hfw/like.webp	b0cc0cd49bc4fdd66a03a490e156b59491a02b7a11b7e131069adddb59d244e5	phonics-hfw	DIRECT_VISUAL_CONFIRMED_POOL_FAILURE	Direct visual review confirmed a construct-level failure across this 100-image HFW scene pool: subjective/rebus-like imagery is unnecessary and can cue or distract from spoken-to-print recognition.
/images/assessment/release-support/hfw/long.webp	21653a01358c80af7cbc1ef9b7d11dd5b0157fdf16186f27f3811f243cef6c54	phonics-hfw	DIRECT_VISUAL_CONFIRMED_POOL_FAILURE	Direct visual review confirmed a construct-level failure across this 100-image HFW scene pool: subjective/rebus-like imagery is unnecessary and can cue or distract from spoken-to-print recognition.
/images/assessment/release-support/hfw/look.webp	5a0372e43ce0294920c7fb5ce96954199ce509ee66fe0762d189517abd622b5b	phonics-hfw	DIRECT_VISUAL_CONFIRMED_POOL_FAILURE	Direct visual review confirmed a construct-level failure across this 100-image HFW scene pool: subjective/rebus-like imagery is unnecessary and can cue or distract from spoken-to-print recognition.
/images/assessment/release-support/hfw/made.webp	f1982b37bf957043eb2c722e00bcd9dc4ee36a5fcc2d6644e5f3861528a5ca09	phonics-hfw	DIRECT_VISUAL_CONFIRMED_POOL_FAILURE	Direct visual review confirmed a construct-level failure across this 100-image HFW scene pool: subjective/rebus-like imagery is unnecessary and can cue or distract from spoken-to-print recognition.
/images/assessment/release-support/hfw/make.webp	e3427fb4dbc13b8ffa01fddcd7104d0920a314c09e098134fa596ce5fc7f26f6	phonics-hfw	DIRECT_VISUAL_CONFIRMED_POOL_FAILURE	Direct visual review confirmed a construct-level failure across this 100-image HFW scene pool: subjective/rebus-like imagery is unnecessary and can cue or distract from spoken-to-print recognition.
/images/assessment/release-support/hfw/many.webp	06c56c6b7f2e2202add5500235a20ffb4a8a63c4ee154df452e87266f1b90657	phonics-hfw	DIRECT_VISUAL_CONFIRMED_POOL_FAILURE	Direct visual review confirmed a construct-level failure across this 100-image HFW scene pool: subjective/rebus-like imagery is unnecessary and can cue or distract from spoken-to-print recognition.
/images/assessment/release-support/hfw/may.webp	cafbb9871a4d87bd8a563792b4e15a23350d1cf8572afe613285def4abed63fe	phonics-hfw	DIRECT_VISUAL_CONFIRMED_POOL_FAILURE	Direct visual review confirmed a construct-level failure across this 100-image HFW scene pool: subjective/rebus-like imagery is unnecessary and can cue or distract from spoken-to-print recognition.
/images/assessment/release-support/hfw/more.webp	8bef93227b91e975e73b01de2e067bee6f6227591930423e9b39342b33196258	phonics-hfw	DIRECT_VISUAL_CONFIRMED_POOL_FAILURE	Direct visual review confirmed a construct-level failure across this 100-image HFW scene pool: subjective/rebus-like imagery is unnecessary and can cue or distract from spoken-to-print recognition.
/images/assessment/release-support/hfw/my.webp	11bb6681dddb969bfddf31c4668345722e67e793886c9a1d5f6b9a587d26d7cd	phonics-hfw	DIRECT_VISUAL_CONFIRMED_POOL_FAILURE	Direct visual review confirmed a construct-level failure across this 100-image HFW scene pool: subjective/rebus-like imagery is unnecessary and can cue or distract from spoken-to-print recognition.
/images/assessment/release-support/hfw/no.webp	44bc19dec7b57b3f212992e4351f84d7c5918842e56e28960b5bbc77b00e640a	phonics-hfw	DIRECT_VISUAL_CONFIRMED_POOL_FAILURE	Direct visual review confirmed a construct-level failure across this 100-image HFW scene pool: subjective/rebus-like imagery is unnecessary and can cue or distract from spoken-to-print recognition.
/images/assessment/release-support/hfw/not.webp	7fb34a992798862ddb227ec73e3ab01da0c9ff6936c15a37d71366f90f419dcc	phonics-hfw	DIRECT_VISUAL_CONFIRMED_POOL_FAILURE	Direct visual review confirmed a construct-level failure across this 100-image HFW scene pool: subjective/rebus-like imagery is unnecessary and can cue or distract from spoken-to-print recognition.
/images/assessment/release-support/hfw/now.webp	510cb69805d88c9b95ebfa5a3c6c0171b7f88db55880743ee408339d44752c4b	phonics-hfw	DIRECT_VISUAL_CONFIRMED_POOL_FAILURE	Direct visual review confirmed a construct-level failure across this 100-image HFW scene pool: subjective/rebus-like imagery is unnecessary and can cue or distract from spoken-to-print recognition.
/images/assessment/release-support/hfw/number.webp	36ecec530e52e6f02b4b641e3ed1bda9bf9663a38a976da1f32aafd51ba129b9	phonics-hfw	DIRECT_VISUAL_CONFIRMED_POOL_FAILURE	Direct visual review confirmed a construct-level failure across this 100-image HFW scene pool: subjective/rebus-like imagery is unnecessary and can cue or distract from spoken-to-print recognition.
/images/assessment/release-support/hfw/of.webp	2568e526ca0c73ee07f0ebff9b5c8b535e0c7ceea2b1f890c4783db3ab3c7d97	phonics-hfw	DIRECT_VISUAL_CONFIRMED_POOL_FAILURE	Direct visual review confirmed a construct-level failure across this 100-image HFW scene pool: subjective/rebus-like imagery is unnecessary and can cue or distract from spoken-to-print recognition.
/images/assessment/release-support/hfw/oil.webp	1e8107ac485259bde48baf1fef2837579f3c392b6978d7488cf6dbd060853682	phonics-hfw	DIRECT_VISUAL_CONFIRMED_POOL_FAILURE	Direct visual review confirmed a construct-level failure across this 100-image HFW scene pool: subjective/rebus-like imagery is unnecessary and can cue or distract from spoken-to-print recognition.
/images/assessment/release-support/hfw/on.webp	2845a361953520310d12b04eddf499052d447f891a8f42bf7ac1af92c7136432	phonics-hfw	DIRECT_VISUAL_CONFIRMED_POOL_FAILURE	Direct visual review confirmed a construct-level failure across this 100-image HFW scene pool: subjective/rebus-like imagery is unnecessary and can cue or distract from spoken-to-print recognition.
/images/assessment/release-support/hfw/one.webp	6033049887d62e187c93f6866d3e98959b0f592da8ef7a30b50d2075356c7318	phonics-hfw	DIRECT_VISUAL_CONFIRMED_POOL_FAILURE	Direct visual review confirmed a construct-level failure across this 100-image HFW scene pool: subjective/rebus-like imagery is unnecessary and can cue or distract from spoken-to-print recognition.
/images/assessment/release-support/hfw/or.webp	4a9d584466eedc4a5dfac959e039b2d8cd7a3f45c46f9efda19a7dacaa2f7b47	phonics-hfw	DIRECT_VISUAL_CONFIRMED_POOL_FAILURE	Direct visual review confirmed a construct-level failure across this 100-image HFW scene pool: subjective/rebus-like imagery is unnecessary and can cue or distract from spoken-to-print recognition.
/images/assessment/release-support/hfw/other.webp	6d36746b94f3aa5e0bd00fed01b85545bac61059575a8599e92a9733e82bf676	phonics-hfw	DIRECT_VISUAL_CONFIRMED_POOL_FAILURE	Direct visual review confirmed a construct-level failure across this 100-image HFW scene pool: subjective/rebus-like imagery is unnecessary and can cue or distract from spoken-to-print recognition.
/images/assessment/release-support/hfw/out.webp	3203a2d38910d691d714197faa673a14cc38da57920494aa8a781248b80d209d	phonics-hfw	DIRECT_VISUAL_CONFIRMED_POOL_FAILURE	Direct visual review confirmed a construct-level failure across this 100-image HFW scene pool: subjective/rebus-like imagery is unnecessary and can cue or distract from spoken-to-print recognition.
/images/assessment/release-support/hfw/part.webp	21416b74fda7734ade681088ecf0c34aabaaafee672cfed0fe213d66ec98aae7	phonics-hfw	DIRECT_VISUAL_CONFIRMED_POOL_FAILURE	Direct visual review confirmed a construct-level failure across this 100-image HFW scene pool: subjective/rebus-like imagery is unnecessary and can cue or distract from spoken-to-print recognition.
/images/assessment/release-support/hfw/people.webp	79836b5aab2384f10c3643dfb06d4de9b13ae21258262d12e822f644245a0235	phonics-hfw	DIRECT_VISUAL_CONFIRMED_POOL_FAILURE	Direct visual review confirmed a construct-level failure across this 100-image HFW scene pool: subjective/rebus-like imagery is unnecessary and can cue or distract from spoken-to-print recognition.
/images/assessment/release-support/hfw/said.webp	316597968a5c98058ed8809e0327973f341badcf0f9ab66762fee3d9384db846	phonics-hfw	DIRECT_VISUAL_CONFIRMED_POOL_FAILURE	Direct visual review confirmed a construct-level failure across this 100-image HFW scene pool: subjective/rebus-like imagery is unnecessary and can cue or distract from spoken-to-print recognition.
/images/assessment/release-support/hfw/see.webp	48524a83fdb36e9e15cd9e1d50315f120e6cbf40da33e3b69858c1d530924939	phonics-hfw	DIRECT_VISUAL_CONFIRMED_POOL_FAILURE	Direct visual review confirmed a construct-level failure across this 100-image HFW scene pool: subjective/rebus-like imagery is unnecessary and can cue or distract from spoken-to-print recognition.
/images/assessment/release-support/hfw/she.webp	2ebb4932ee174f6bc129a4215f366ce3fb8880b0e13c0e1c5e990539d20710eb	phonics-hfw	DIRECT_VISUAL_CONFIRMED_POOL_FAILURE	Direct visual review confirmed a construct-level failure across this 100-image HFW scene pool: subjective/rebus-like imagery is unnecessary and can cue or distract from spoken-to-print recognition.
/images/assessment/release-support/hfw/sit.webp	31b9a0a431a5168206b973876157c3a33466c835ab39c40e8d3e92bf1573c0b4	phonics-hfw	DIRECT_VISUAL_CONFIRMED_POOL_FAILURE	Direct visual review confirmed a construct-level failure across this 100-image HFW scene pool: subjective/rebus-like imagery is unnecessary and can cue or distract from spoken-to-print recognition.
/images/assessment/release-support/hfw/so.webp	08e12024baf6e26cc94bf2fefab41c2b5f76e2816fb972268aac32210ac65f43	phonics-hfw	DIRECT_VISUAL_CONFIRMED_POOL_FAILURE	Direct visual review confirmed a construct-level failure across this 100-image HFW scene pool: subjective/rebus-like imagery is unnecessary and can cue or distract from spoken-to-print recognition.
/images/assessment/release-support/hfw/some.webp	cd467bf6e1d3161d52922254cd928ab44bc6baa2fae948ff02a36b9855da79f5	phonics-hfw	DIRECT_VISUAL_CONFIRMED_POOL_FAILURE	Direct visual review confirmed a construct-level failure across this 100-image HFW scene pool: subjective/rebus-like imagery is unnecessary and can cue or distract from spoken-to-print recognition.
/images/assessment/release-support/hfw/than.webp	a210a4695c2caf953fc0a7016cac0612427a1b37794266286fc54d4a9dbf6d9e	phonics-hfw	DIRECT_VISUAL_CONFIRMED_POOL_FAILURE	Direct visual review confirmed a construct-level failure across this 100-image HFW scene pool: subjective/rebus-like imagery is unnecessary and can cue or distract from spoken-to-print recognition.
/images/assessment/release-support/hfw/that.webp	7ee836cf76f6b461455665d50e3d90eafbe166120beed68710ce66dfe0560072	phonics-hfw	DIRECT_VISUAL_CONFIRMED_POOL_FAILURE	Direct visual review confirmed a construct-level failure across this 100-image HFW scene pool: subjective/rebus-like imagery is unnecessary and can cue or distract from spoken-to-print recognition.
/images/assessment/release-support/hfw/the.webp	4a0021f4dd98eecf21eebead7a12416d581d8b8541b11f091c6f6def1e575687	phonics-hfw	DIRECT_VISUAL_CONFIRMED_POOL_FAILURE	Direct visual review confirmed a construct-level failure across this 100-image HFW scene pool: subjective/rebus-like imagery is unnecessary and can cue or distract from spoken-to-print recognition.
/images/assessment/release-support/hfw/their.webp	3fb57b53cda605b10b08acffd2e10a3ad21fdff32518148ad4096a76c908186a	phonics-hfw	DIRECT_VISUAL_CONFIRMED_POOL_FAILURE	Direct visual review confirmed a construct-level failure across this 100-image HFW scene pool: subjective/rebus-like imagery is unnecessary and can cue or distract from spoken-to-print recognition.
/images/assessment/release-support/hfw/them.webp	5758114404eecdbfb57b007f0bd6280cb5b35b348a9de1ee6670d9dafae9d6bb	phonics-hfw	DIRECT_VISUAL_CONFIRMED_POOL_FAILURE	Direct visual review confirmed a construct-level failure across this 100-image HFW scene pool: subjective/rebus-like imagery is unnecessary and can cue or distract from spoken-to-print recognition.
/images/assessment/release-support/hfw/then.webp	c40dc7c5264949b7e62e09e4f6658a9b6ab7d441b5e9af41d8f17ab6d7ba8325	phonics-hfw	DIRECT_VISUAL_CONFIRMED_POOL_FAILURE	Direct visual review confirmed a construct-level failure across this 100-image HFW scene pool: subjective/rebus-like imagery is unnecessary and can cue or distract from spoken-to-print recognition.
/images/assessment/release-support/hfw/there.webp	89aaa78295133238786b96a7ed877e80ff4874ec47cdaee2081333a1c11e8209	phonics-hfw	DIRECT_VISUAL_CONFIRMED_POOL_FAILURE	Direct visual review confirmed a construct-level failure across this 100-image HFW scene pool: subjective/rebus-like imagery is unnecessary and can cue or distract from spoken-to-print recognition.
/images/assessment/release-support/hfw/these.webp	dd76dc22e668c01b4e9786a5600eff15c73f35c9aa2c1b6d82c264a45dab6e3b	phonics-hfw	DIRECT_VISUAL_CONFIRMED_POOL_FAILURE	Direct visual review confirmed a construct-level failure across this 100-image HFW scene pool: subjective/rebus-like imagery is unnecessary and can cue or distract from spoken-to-print recognition.
/images/assessment/release-support/hfw/they.webp	30237ec4d50471ad18feb3a993c22a4fe23840dbc1a5cebee240ccf29c6ddf34	phonics-hfw	DIRECT_VISUAL_CONFIRMED_POOL_FAILURE	Direct visual review confirmed a construct-level failure across this 100-image HFW scene pool: subjective/rebus-like imagery is unnecessary and can cue or distract from spoken-to-print recognition.
/images/assessment/release-support/hfw/this.webp	7cf9f7b01fe259a80c4b612c36d15704f7516e084e016a3d5f3c6fe1ff8f151e	phonics-hfw	DIRECT_VISUAL_CONFIRMED_POOL_FAILURE	Direct visual review confirmed a construct-level failure across this 100-image HFW scene pool: subjective/rebus-like imagery is unnecessary and can cue or distract from spoken-to-print recognition.
/images/assessment/release-support/hfw/time.webp	e02440783615cd691806c2ece6b3813e6c2c3188c09565e8ed49d6acdd428463	phonics-hfw	DIRECT_VISUAL_CONFIRMED_POOL_FAILURE	Direct visual review confirmed a construct-level failure across this 100-image HFW scene pool: subjective/rebus-like imagery is unnecessary and can cue or distract from spoken-to-print recognition.
/images/assessment/release-support/hfw/to.webp	0fc4518c307caad16231217d926742bd6f0f9c552144ff613f97d1b875040296	phonics-hfw	DIRECT_VISUAL_CONFIRMED_POOL_FAILURE	Direct visual review confirmed a construct-level failure across this 100-image HFW scene pool: subjective/rebus-like imagery is unnecessary and can cue or distract from spoken-to-print recognition.
/images/assessment/release-support/hfw/two.webp	2e2c6cdc684e37958d98cc734a6abff1c8795b225f78e14a83f24d8fa092c858	phonics-hfw	DIRECT_VISUAL_CONFIRMED_POOL_FAILURE	Direct visual review confirmed a construct-level failure across this 100-image HFW scene pool: subjective/rebus-like imagery is unnecessary and can cue or distract from spoken-to-print recognition.
/images/assessment/release-support/hfw/up.webp	e477fc45f838914f79267ae57ce4e35a3fd11a72ac0645f4a5ad7a109d9da377	phonics-hfw	DIRECT_VISUAL_CONFIRMED_POOL_FAILURE	Direct visual review confirmed a construct-level failure across this 100-image HFW scene pool: subjective/rebus-like imagery is unnecessary and can cue or distract from spoken-to-print recognition.
/images/assessment/release-support/hfw/use.webp	ac8503c2cf27ece9d51d6c7f8dd39f091366fddf1c5c875469f34b9e7029457e	phonics-hfw	DIRECT_VISUAL_CONFIRMED_POOL_FAILURE	Direct visual review confirmed a construct-level failure across this 100-image HFW scene pool: subjective/rebus-like imagery is unnecessary and can cue or distract from spoken-to-print recognition.
/images/assessment/release-support/hfw/was.webp	eb6de620e75b27b7264b4f1ab2fa9565cb0ad98742c7670ea4fa539b03fc9c12	phonics-hfw	DIRECT_VISUAL_CONFIRMED_POOL_FAILURE	Direct visual review confirmed a construct-level failure across this 100-image HFW scene pool: subjective/rebus-like imagery is unnecessary and can cue or distract from spoken-to-print recognition.
/images/assessment/release-support/hfw/water.webp	9f9df77f90ca94f6f20ae398f23b499cb131e6dce98e224129cbdaadc647388d	phonics-hfw	DIRECT_VISUAL_CONFIRMED_POOL_FAILURE	Direct visual review confirmed a construct-level failure across this 100-image HFW scene pool: subjective/rebus-like imagery is unnecessary and can cue or distract from spoken-to-print recognition.
/images/assessment/release-support/hfw/way.webp	ce1d7c4c6f7dbe89a58257c28e6d76ebecc88aba9b5b0d30185a344aea92b190	phonics-hfw	DIRECT_VISUAL_CONFIRMED_POOL_FAILURE	Direct visual review confirmed a construct-level failure across this 100-image HFW scene pool: subjective/rebus-like imagery is unnecessary and can cue or distract from spoken-to-print recognition.
/images/assessment/release-support/hfw/we.webp	92667fd2a4ecaa834f4fb48b46b1305ba43b667f7ceb800dd4bb4bc14aa33e87	phonics-hfw	DIRECT_VISUAL_CONFIRMED_POOL_FAILURE	Direct visual review confirmed a construct-level failure across this 100-image HFW scene pool: subjective/rebus-like imagery is unnecessary and can cue or distract from spoken-to-print recognition.
/images/assessment/release-support/hfw/were.webp	126edd81001020597e87caf08a4db643f387880d000e38e7924669046f4090c1	phonics-hfw	DIRECT_VISUAL_CONFIRMED_POOL_FAILURE	Direct visual review confirmed a construct-level failure across this 100-image HFW scene pool: subjective/rebus-like imagery is unnecessary and can cue or distract from spoken-to-print recognition.
/images/assessment/release-support/hfw/what.webp	4600ada886dd35280dbbe100262661e3c73c4e8f31f7337cae1b4fec239459b2	phonics-hfw	DIRECT_VISUAL_CONFIRMED_POOL_FAILURE	Direct visual review confirmed a construct-level failure across this 100-image HFW scene pool: subjective/rebus-like imagery is unnecessary and can cue or distract from spoken-to-print recognition.
/images/assessment/release-support/hfw/when.webp	dfa0c0bf5d29e3c16aa622d68db5cab49e2123a1086d4880d3dcfb338a307ba8	phonics-hfw	DIRECT_VISUAL_CONFIRMED_POOL_FAILURE	Direct visual review confirmed a construct-level failure across this 100-image HFW scene pool: subjective/rebus-like imagery is unnecessary and can cue or distract from spoken-to-print recognition.
/images/assessment/release-support/hfw/which.webp	f2c40c64f1d5e71c7a384b57a2254040f6e551433388e38efc45324658ed224e	phonics-hfw	DIRECT_VISUAL_CONFIRMED_POOL_FAILURE	Direct visual review confirmed a construct-level failure across this 100-image HFW scene pool: subjective/rebus-like imagery is unnecessary and can cue or distract from spoken-to-print recognition.
/images/assessment/release-support/hfw/who.webp	d7008064b50b2d9658346cade7f3c8184cf9ee5f704fa250f917c62e1b624c85	phonics-hfw	DIRECT_VISUAL_CONFIRMED_POOL_FAILURE	Direct visual review confirmed a construct-level failure across this 100-image HFW scene pool: subjective/rebus-like imagery is unnecessary and can cue or distract from spoken-to-print recognition.
/images/assessment/release-support/hfw/will.webp	ba7c02bb3a4f63e09a247e4e3924592c4a26b1ceb89c607b9c829518ad2e615e	phonics-hfw	DIRECT_VISUAL_CONFIRMED_POOL_FAILURE	Direct visual review confirmed a construct-level failure across this 100-image HFW scene pool: subjective/rebus-like imagery is unnecessary and can cue or distract from spoken-to-print recognition.
/images/assessment/release-support/hfw/with.webp	d9ee95860c3c61514303d02eec74395be3598331c652137b32ac4188f213918a	phonics-hfw	DIRECT_VISUAL_CONFIRMED_POOL_FAILURE	Direct visual review confirmed a construct-level failure across this 100-image HFW scene pool: subjective/rebus-like imagery is unnecessary and can cue or distract from spoken-to-print recognition.
/images/assessment/release-support/hfw/words.webp	f27edbfc5968fdfdd050515e928b1ca75355a422a6d009e99ff7e7c44aeea0ca	phonics-hfw	DIRECT_VISUAL_CONFIRMED_POOL_FAILURE	Direct visual review confirmed a construct-level failure across this 100-image HFW scene pool: subjective/rebus-like imagery is unnecessary and can cue or distract from spoken-to-print recognition.
/images/assessment/release-support/hfw/would.webp	d2fb79cd528caae39b049149c4356975a2d1b4e222fd00941b11282986c9c76f	phonics-hfw	DIRECT_VISUAL_CONFIRMED_POOL_FAILURE	Direct visual review confirmed a construct-level failure across this 100-image HFW scene pool: subjective/rebus-like imagery is unnecessary and can cue or distract from spoken-to-print recognition.
/images/assessment/release-support/hfw/write.webp	328579aab7b7d40174186ae9fe1a697ad3a428d61d7528c169d6204f14882913	phonics-hfw	DIRECT_VISUAL_CONFIRMED_POOL_FAILURE	Direct visual review confirmed a construct-level failure across this 100-image HFW scene pool: subjective/rebus-like imagery is unnecessary and can cue or distract from spoken-to-print recognition.
/images/assessment/release-support/hfw/you.webp	16a16592e0174d894f16e12c74a0d128286597638814646f0ebfddf194ff54b0	phonics-hfw	DIRECT_VISUAL_CONFIRMED_POOL_FAILURE	Direct visual review confirmed a construct-level failure across this 100-image HFW scene pool: subjective/rebus-like imagery is unnecessary and can cue or distract from spoken-to-print recognition.
/images/assessment/release-support/hfw/your.webp	53c7ab0240e473d25d07acf1a118a0d765e2beff0624639b45dcc525762bb7fa	phonics-hfw	DIRECT_VISUAL_CONFIRMED_POOL_FAILURE	Direct visual review confirmed a construct-level failure across this 100-image HFW scene pool: subjective/rebus-like imagery is unnecessary and can cue or distract from spoken-to-print recognition.
/images/assessment/release-support/language/adjectives-adj-color.webp	5b95576afec35a720333c954f1c3328ed145561dbd92b9b7773bc8494fd0b627	grammar-comprehension	multi-concept collage	One shared, crowded illustration is reused across many incompatible adjective answers, so the named evidence is not a single obvious object/state.
/images/assessment/release-support/language/adjectives-adj-feeling.webp	b6adb6492d20dae1f9816337ac3020bfa18580f00a9c820b6c4458b16c102f71	grammar-comprehension	multi-concept collage	One shared, crowded illustration is reused across many incompatible adjective answers, so the named evidence is not a single obvious object/state.
/images/assessment/release-support/language/adjectives-adj-in-sentence.webp	5eaa0749b1024c9a46329b335eae61e6143253b986a612282035a2ed6e00ea17	grammar-comprehension	multi-concept collage	One shared, crowded illustration is reused across many incompatible adjective answers, so the named evidence is not a single obvious object/state.
/images/assessment/release-support/language/adjectives-adj-precision.webp	cd368063de5c5114c0437b11f9f16cd586a1ab70f03d4f8e6a9e849276aef6e7	grammar-comprehension	multi-concept collage	One shared, crowded illustration is reused across many incompatible adjective answers, so the named evidence is not a single obvious object/state.
/images/assessment/release-support/language/adjectives-adj-size.webp	f64ba09a8f077edaa836010b5741ef5e186228deae96aaf34de4f96fab0e60d8	grammar-comprehension	multi-concept collage	One shared, crowded illustration is reused across many incompatible adjective answers, so the named evidence is not a single obvious object/state.
/images/assessment/release-support/language/adjectives-adj-texture-state.webp	1965f5e471bb4ffd812780a8d77e4013e0d42013275c6184c5602ed9efe0a3cb	grammar-comprehension	multi-concept collage	One shared, crowded illustration is reused across many incompatible adjective answers, so the named evidence is not a single obvious object/state.
/images/assessment/release-support/language/adjectives-adj-vs-noun-verb.webp	653ed0f06b3fecb03e17e8e11163e43a50281de385b445a5728a8efdbf958ae4	grammar-comprehension	multi-concept collage	One shared, crowded illustration is reused across many incompatible adjective answers, so the named evidence is not a single obvious object/state.
/images/assessment/release-support/language/lp3-homophones-homonyms-l1-a-one-won-v1.webp	f7ddb4a12f31da1998246459fec3975d9383a3f3d9e6f0d633bbe8b713f7cc37	grammar-comprehension	ambiguous number evidence	The “one” image contains an abacus with many beads; the intended single quantity is not obvious.
/images/assessment/release-support/language/lp3-homophones-homonyms-l1-a-sun-son-v4.webp	af7d2f68fae93d1605f0baa116f1e6c472cdec1ba9ad17c63fcfe3e1cee0d9fd	grammar-comprehension	subjective relationship	A child hugging an older man can be grandson, friend or relative; “son” is not objectively inferable.
/images/assessment/release-support/language/lp3-homophones-homonyms-l1-c-ate-eight-v3.webp	53c2e5db1fbd207735aa0a5183ee187ea316dc2d6b048f85ca126bb971b5927f	grammar-comprehension	tense mismatch	The “ate” sentence is illustrated with a child currently eating, not a completed past action.
/images/assessment/release-support/language/lp3-homophones-homonyms-l1-c-be-bee-v3.webp	dd3a18512d10590246fb0c1c68900279a4426ce0894af3e399a9ff26e2793501	grammar-comprehension	wrong object	The prompt/answer is bee, but the image shows a blue bird perched on the flower.
/images/assessment/release-support/language/lp3-homophones-homonyms-l2-a-homonym-ring-v1.webp	89cc20ce61ccbd8d30d6e75f38988d31fbdcf5ef56e9274af5d267012db420d0	grammar-comprehension	prompt mismatch	The sentence says doorbell ring, but the image shows a mobile phone.
/images/assessment/release-support/language/lp3-homophones-homonyms-l2-a-to-two-too-v4.webp	3f453c8d1899016cf8cd8bff8c0f79b906758b0d8452f0403388119664c7347d	grammar-comprehension	wrong quantity	The “two” item shows an open hand with five fingers.
/images/assessment/release-support/language/lp3-homophones-homonyms-l2-c-flower-flour-v3.webp	5bb18b75ee47dce031b178618c0446c275e5a99dc23ed7e69c51441f1c581fcd	grammar-comprehension	wrong category	The “flower” item shows a vegetable garden with no clear flower.
/images/assessment/release-support/language/nouns-noun-animal.webp	6b7a389309e311fef1ce10536e84e4ef9a5e8227f7361ccc1fc6cda28056c8a2	grammar-comprehension	multi-concept collage	A busy story/collage is reused for many different noun targets; the relevant naming word is not visually dominant.
/images/assessment/release-support/language/nouns-noun-in-sentence.webp	d13fffd640c9ebeb2a0d5bfd2ee641cf248e616e2979c4782329a2cadfd51277	grammar-comprehension	multi-concept collage	A busy story/collage is reused for many different noun targets; the relevant naming word is not visually dominant.
/images/assessment/release-support/language/nouns-noun-person.webp	f87f0bf2d91fa636c634234bcabc707952449db8c7ed76e4ebd919cb40d15610	grammar-comprehension	multi-concept collage	A busy story/collage is reused for many different noun targets; the relevant naming word is not visually dominant.
/images/assessment/release-support/language/nouns-noun-place.webp	c0316939f98dc7fb2552318cb4cc5a8052f60a7ba9763fe49c9e0232d3746313	grammar-comprehension	multi-concept collage	A busy story/collage is reused for many different noun targets; the relevant naming word is not visually dominant.
/images/assessment/release-support/language/nouns-noun-thing.webp	001247756e40ff61a828e267ca174c1d34a8ed81aebcce6349b7d0f29fe17e3c	grammar-comprehension	multi-concept collage	A busy story/collage is reused for many different noun targets; the relevant naming word is not visually dominant.
/images/assessment/release-support/language/nouns-noun-two-step.webp	f6567abd7b3fea9c91cce345be0cda8e2aacd5c66b6611dc839c203de4f95423	grammar-comprehension	multi-concept collage	A busy story/collage is reused for many different noun targets; the relevant naming word is not visually dominant.
/images/assessment/release-support/language/nouns-noun-vs-verb.webp	a1d020f7ce225c89ca97434ef218d5b0d9db556bd6aa36fa57bb6230585561f4	grammar-comprehension	multi-concept collage	A busy story/collage is reused for many different noun targets; the relevant naming word is not visually dominant.
/images/assessment/release-support/language/plurals-plural-add-es.webp	750d1daa08229d12948e7e04da914bdbb72935172cf351a60c9efd685c8cca80	grammar-comprehension	multi-concept collage	Several unrelated object groups and split panels compete while the same asset is reused for different plural rules.
/images/assessment/release-support/language/plurals-plural-add-s.webp	267f1e94c9a10c62d0dbffc3a5910398e9e04da963561f352940950b6fd6a1df	grammar-comprehension	multi-concept collage	Several unrelated object groups and split panels compete while the same asset is reused for different plural rules.
/images/assessment/release-support/language/plurals-plural-concept.webp	8e5fe4ace6a23639f32b0f059fd5d00094713255f946a288229e79d42fcbb85f	grammar-comprehension	multi-concept collage	Several unrelated object groups and split panels compete while the same asset is reused for different plural rules.
/images/assessment/release-support/language/plurals-plural-f-to-ves.webp	6e267ceb2e7c6ca4e51a0bfba3bf9507d0c1e709c418e55471469a3730097f98	grammar-comprehension	multi-concept collage	Several unrelated object groups and split panels compete while the same asset is reused for different plural rules.
/images/assessment/release-support/language/plurals-plural-in-sentence.webp	5d857c7afbf16b1eef36629dcd3526ceec7712c9b8aae2f2c46337512629bb3f	grammar-comprehension	multi-concept collage	Several unrelated object groups and split panels compete while the same asset is reused for different plural rules.
/images/assessment/release-support/language/plurals-plural-irregular.webp	5ac82e039ef9217022223d1468a9e74aaaf8ecb66e71ed12fec645a5959d6a31	grammar-comprehension	multi-concept collage	Several unrelated object groups and split panels compete while the same asset is reused for different plural rules.
/images/assessment/release-support/language/plurals-plural-y-to-ies.webp	bbf28f442757b5156997110fd555868f69a416f95514c12e8a427069ebd95a39	grammar-comprehension	multi-concept collage	Several unrelated object groups and split panels compete while the same asset is reused for different plural rules.
/images/assessment/release-support/language/prefixes-suffixes-prefix-pre.webp	0a46413b22bf0c959e4f0a60a92e9c0bcc8703e5a81c0b351d21f2362b6043c9	grammar-comprehension	semantic mismatch from shared asset	One before/after or category image is reused for unrelated prefixes/suffixes and frequently does not depict the authored derived word.
/images/assessment/release-support/language/prefixes-suffixes-prefix-re.webp	76067760003ec9a0279185d653753fc39be68663ae502b10a8ba00154fb863ba	grammar-comprehension	semantic mismatch from shared asset	One before/after or category image is reused for unrelated prefixes/suffixes and frequently does not depict the authored derived word.
/images/assessment/release-support/language/prefixes-suffixes-prefix-un.webp	54dfa86b6cb4d69e4314db854f355cd3d7cf175af1583e4c92b89e804a668c5e	grammar-comprehension	semantic mismatch from shared asset	One before/after or category image is reused for unrelated prefixes/suffixes and frequently does not depict the authored derived word.
/images/assessment/release-support/language/prefixes-suffixes-suffix-ed.webp	9019d71bcdd60698f9c88f7285b0b83fdfe7d3d912f61a674e718c956bc16a6c	grammar-comprehension	semantic mismatch from shared asset	One before/after or category image is reused for unrelated prefixes/suffixes and frequently does not depict the authored derived word.
/images/assessment/release-support/language/prefixes-suffixes-suffix-er-est.webp	26aee21fe655b59f5f2ed60bba2b83ce6ae19ca96b3266c0fecb0ae99486442d	grammar-comprehension	semantic mismatch from shared asset	One before/after or category image is reused for unrelated prefixes/suffixes and frequently does not depict the authored derived word.
/images/assessment/release-support/language/prefixes-suffixes-suffix-er-person.webp	fef8c5f65ce0cdb553263cebcfb011a6623d510a678a8613f8e99bf2b88b0040	grammar-comprehension	semantic mismatch from shared asset	One before/after or category image is reused for unrelated prefixes/suffixes and frequently does not depict the authored derived word.
/images/assessment/release-support/language/prefixes-suffixes-suffix-ful.webp	bdc271790ea4dc614b2e6a939d667fb8ccc30b4ab1f17c10742a349fc47aa77d	grammar-comprehension	semantic mismatch from shared asset	One before/after or category image is reused for unrelated prefixes/suffixes and frequently does not depict the authored derived word.
/images/assessment/release-support/language/prefixes-suffixes-suffix-ing.webp	019ea847d67ba6daee034b1dbd422073da16f9d5740fc5725f71fd5cb1096334	grammar-comprehension	semantic mismatch from shared asset	One before/after or category image is reused for unrelated prefixes/suffixes and frequently does not depict the authored derived word.
/images/assessment/release-support/language/prefixes-suffixes-suffix-less.webp	36f642d93a7cd9765a6f3f58bcafb04ece50db683cad0f33ea7d69cf6a74847f	grammar-comprehension	semantic mismatch from shared asset	One before/after or category image is reused for unrelated prefixes/suffixes and frequently does not depict the authored derived word.
/images/assessment/release-support/language/prefixes-suffixes-suffix-ly.webp	960f3447c1035193236a6c98eddbb24c3813c49626b74f464fe5763f694079c4	grammar-comprehension	semantic mismatch from shared asset	One before/after or category image is reused for unrelated prefixes/suffixes and frequently does not depict the authored derived word.
/images/assessment/release-support/language/prefixes-suffixes-suffix-s-es.webp	f81ad86adc265a112ddbbee5e3b040d653a56b72cea44a3a39b6419fa14650a2	grammar-comprehension	semantic mismatch from shared asset	One before/after or category image is reused for unrelated prefixes/suffixes and frequently does not depict the authored derived word.
/images/assessment/release-support/language/verbs-verb-action-body.webp	eda32c0d3fd835d655a41fb2a8f4385b2ab23d23fc7d044b784d9a45a28c474e	grammar-comprehension	multi-action collage	A crowded multi-person scene is reused for many different verbs, so no single action is objective at child-card size.
/images/assessment/release-support/language/verbs-verb-action-object.webp	5e12a6b7602f17f8516adb4164c56491018961094195dbbed6daabfc42f39333	grammar-comprehension	multi-action collage	A crowded multi-person scene is reused for many different verbs, so no single action is objective at child-card size.
/images/assessment/release-support/language/verbs-verb-everyday.webp	a2b887e5505619fea7e92c5f8297cdf4cb0e6eb0f536278ff7d5bb340952d60c	grammar-comprehension	multi-action collage	A crowded multi-person scene is reused for many different verbs, so no single action is objective at child-card size.
/images/assessment/release-support/language/verbs-verb-in-sentence.webp	52a4ef208361de3f4a30cfa73ba84240747b5ad20450f9cd51538d7b1d5c3134	grammar-comprehension	multi-action collage	A crowded multi-person scene is reused for many different verbs, so no single action is objective at child-card size.
/images/assessment/release-support/language/verbs-verb-precision.webp	0d419ecd9e8fb043acf76a74818cd5c0170fee02ed943e93a7dfd483ffe8d8bb	grammar-comprehension	multi-action collage	A crowded multi-person scene is reused for many different verbs, so no single action is objective at child-card size.
/images/assessment/release-support/language/verbs-verb-vs-noun.webp	b6526bf5b40b3b45662007f2ac1e693ccffff358d0a8400b56db3a23446054c8	grammar-comprehension	multi-action collage	A crowded multi-person scene is reused for many different verbs, so no single action is objective at child-card size.
/images/assessment/release-support/passages/lp3-inference-l1-a-where-am-i-v1.webp	a0647678f6402bf5c72f81715a3c560b9213d0e7ca22b039cf8194f741df9f3a	grammar-comprehension	answer-neutrality leak	This image is registered as an answer-neutral empty setting, but it directly depicts the queried location/placement and can reveal or sharply cue the key.
/images/assessment/release-support/passages/lp3-inference-l1-a-where-am-i-v10.webp	93052a9dfae248e76b24a8e47eee8e1a953cdead88d57796d1cd7309eccce5fe	grammar-comprehension	answer-neutrality leak	This image is registered as an answer-neutral empty setting, but it directly depicts the queried location/placement and can reveal or sharply cue the key.
/images/assessment/release-support/passages/lp3-inference-l1-a-where-am-i-v4.webp	848a634885bf1aff6b0bba3de434dcd5ff46b95efc12052149ba819a733c58e8	grammar-comprehension	answer-neutrality leak	This image is registered as an answer-neutral empty setting, but it directly depicts the queried location/placement and can reveal or sharply cue the key.
/images/assessment/release-support/passages/lp3-inference-l1-a-where-am-i-v7.webp	b33d84064561f504c6873748c1d948d54866281308a3765dc9645b6ffc7a3073	grammar-comprehension	answer-neutrality leak	This image is registered as an answer-neutral empty setting, but it directly depicts the queried location/placement and can reveal or sharply cue the key.
/images/assessment/release-support/passages/lp3-inference-l1-b-where-am-i-v2.webp	7aaa215f8b5ce0f9963dc77ce53b9df4e47dcc23bd30637419cc30c2f823f8ad	grammar-comprehension	answer-neutrality leak	This image is registered as an answer-neutral empty setting, but it directly depicts the queried location/placement and can reveal or sharply cue the key.
/images/assessment/release-support/passages/lp3-inference-l1-b-where-am-i-v5.webp	6ea2b80af3ab7e5f93f4fff55af1286a03aae5939d486b73912ef0f5734c61e2	grammar-comprehension	answer-neutrality leak	This image is registered as an answer-neutral empty setting, but it directly depicts the queried location/placement and can reveal or sharply cue the key.
/images/assessment/release-support/passages/lp3-inference-l1-b-where-am-i-v8.webp	a60e9da9ec79b22198a027ed4efaa671f705c16a8d2fd07ee23f0055ed275653	grammar-comprehension	answer-neutrality leak	This image is registered as an answer-neutral empty setting, but it directly depicts the queried location/placement and can reveal or sharply cue the key.
/images/assessment/release-support/passages/lp3-inference-l1-c-where-am-i-v3.webp	ce37d9597676955c4a3e8856541e005bc8f303e013a7957b04e44bcfa69fdacf	grammar-comprehension	answer-neutrality leak	This image is registered as an answer-neutral empty setting, but it directly depicts the queried location/placement and can reveal or sharply cue the key.
/images/assessment/release-support/passages/lp3-inference-l1-c-where-am-i-v6.webp	1c9477c129cda5fd1194017cdd36f24462dd5d4b999e7b13a261c786be9fbd26	grammar-comprehension	answer-neutrality leak	This image is registered as an answer-neutral empty setting, but it directly depicts the queried location/placement and can reveal or sharply cue the key.
/images/assessment/release-support/passages/lp3-inference-l1-c-where-am-i-v9.webp	9495bde8040746d680cf63ea1b9d917bbcbf700c4063a7479d18d3818a406cf0	grammar-comprehension	answer-neutrality leak	This image is registered as an answer-neutral empty setting, but it directly depicts the queried location/placement and can reveal or sharply cue the key.
/images/assessment/release-support/passages/lp3-key-details-l1-a-where-v1.webp	958b0744fe3f23787936e107284cdb22c0b1410aff5f5bfa4452f794b93724ed	grammar-comprehension	answer-neutrality leak	This image is registered as an answer-neutral empty setting, but it directly depicts the queried location/placement and can reveal or sharply cue the key.
/images/assessment/release-support/passages/lp3-key-details-l1-a-where-v4.webp	d46f67fc19730a0b92b31a21fe66f6a4dade114638e575470d16e906fc0067d0	grammar-comprehension	answer-neutrality leak	This image is registered as an answer-neutral empty setting, but it directly depicts the queried location/placement and can reveal or sharply cue the key.
/images/assessment/release-support/passages/lp3-key-details-l1-a-where-v7.webp	cb5d05cd07eccc9b9c3b338a22780178d5ed267f9a8cb3fca5f51e881234e7d0	grammar-comprehension	answer-neutrality leak	This image is registered as an answer-neutral empty setting, but it directly depicts the queried location/placement and can reveal or sharply cue the key.
/images/assessment/release-support/passages/lp3-key-details-l1-b-where-v2.webp	de22d35a4ea85d0c91f89fccdd20027c955c2ffb05923309b012affbb36e4847	grammar-comprehension	answer-neutrality leak	This image is registered as an answer-neutral empty setting, but it directly depicts the queried location/placement and can reveal or sharply cue the key.
/images/assessment/release-support/passages/lp3-key-details-l1-b-where-v5.webp	aaabd1af89987a93f6ea36a28972d1c1171968ce6819650bcf8547681f9aa749	grammar-comprehension	answer-neutrality leak	This image is registered as an answer-neutral empty setting, but it directly depicts the queried location/placement and can reveal or sharply cue the key.
/images/assessment/release-support/passages/lp3-key-details-l1-b-where-v8.webp	8343e9b8f5095aea22dbf25bcf11b7392d2839b033ba177bc64da07eabb8172a	grammar-comprehension	answer-neutrality leak	This image is registered as an answer-neutral empty setting, but it directly depicts the queried location/placement and can reveal or sharply cue the key.
/images/assessment/release-support/passages/lp3-key-details-l1-c-where-v3.webp	fa2b2ccd29f1c84e4dcf3efd116fbdb6d4b979644535c2282a24bda5b8574fd6	grammar-comprehension	answer-neutrality leak	This image is registered as an answer-neutral empty setting, but it directly depicts the queried location/placement and can reveal or sharply cue the key.
/images/assessment/release-support/passages/lp3-key-details-l1-c-where-v6.webp	09a5fceb06e2a3731f453068bdfa6eeed12ae4c898fd612a7e463469a207586a	grammar-comprehension	answer-neutrality leak	This image is registered as an answer-neutral empty setting, but it directly depicts the queried location/placement and can reveal or sharply cue the key.
/images/assessment/release-support/targets/burst-ad1157.webp	d4c4de3249375b154d5f26dca4bceaaf80abf86e101760aebe2b2b8d78618fe6	phonics-hfw	DIRECT_VISUAL_CONFIRMED_PATH_FAILURE	Direct visual review confirmed fragments without a clearly identifiable bursting object/action.
/images/assessment/release-support/targets/coin-3478fe.webp	fedd501cae79397d1a6331ef9eabcb697bb66e7beb7fc979246d2834bf9ebcc5	phonics-hfw	DIRECT_VISUAL_CONFIRMED_PATH_FAILURE	Direct visual review confirmed a flower-like token/diagram rather than a conventional coin.
/images/assessment/release-support/targets/could-e30de8.webp	ab6c511e1c4a42facbc7067f16cb7b70f406cacba5224086e7253b2d9d936b04	phonics-hfw	DIRECT_VISUAL_CONFIRMED_PATH_FAILURE	Direct visual review confirmed the abstract/function word is not objectively inferable from a still image.
/images/assessment/release-support/targets/hope-495574.webp	7729d88e554a69febc95ea4b7df18829a9b773792db6fdcb440ec09100b1c72c	phonics-hfw	DIRECT_VISUAL_CONFIRMED_PATH_FAILURE	Direct visual review confirmed the abstract/function word is not objectively inferable from a still image.
/images/assessment/release-support/targets/how-0b0643.webp	ce5215f82f645680dc37da54be1d001ee5535a2a0aae384b8be3cbd5b2024b78	phonics-hfw	DIRECT_VISUAL_CONFIRMED_PATH_FAILURE	Direct visual review confirmed the abstract/function word is not objectively inferable from a still image.
/images/assessment/release-support/targets/instrument-2f342f.webp	328bcdb7180cdc4ff5036e166e28ab2fc41fb9c5f0d5addeb0b67adb8c3fa48b	phonics-hfw	DIRECT_VISUAL_CONFIRMED_PATH_FAILURE	Direct visual review confirmed a specific violin, not an objective generic instrument.
/images/assessment/release-support/targets/short-a0f4ea.webp	fcade5c234b126c3e7160248059ec0d32a289053ec5e7b80fbeae47c0c05cef9	phonics-hfw	DIRECT_VISUAL_CONFIRMED_PATH_FAILURE	Direct visual review confirmed the word depends on a two-object comparison rather than one objective target.
/images/assessment/rhyming/variants/ag/bag-02.webp	e009f51d65304fb7f456d6858d8af583d2e8289ed80a4bd76a47b71bbc0133a4	phonics-hfw	DIRECT_VISUAL_CONFIRMED_PATH_FAILURE	Human contact-sheet review confirmed a visible adjacent-panel/mosaic crop remnant or a busy crop that does not isolate the named target.
/images/assessment/rhyming/variants/an/van-02.webp	c74b7d7b7b277469893321ed4dcedd6178bc1df2c00ea2bd206a506064f253c2	phonics-hfw	DIRECT_VISUAL_CONFIRMED_PATH_FAILURE	Human contact-sheet review confirmed a visible adjacent-panel/mosaic crop remnant or a busy crop that does not isolate the named target.
/images/assessment/rhyming/variants/ap/cap-02.webp	543ed2e2dbea73d56193a489b00c53cf89ec89be46501d882b65ad9984260761	phonics-hfw	DIRECT_VISUAL_CONFIRMED_PATH_FAILURE	Human contact-sheet review confirmed a visible adjacent-panel/mosaic crop remnant or a busy crop that does not isolate the named target.
/images/assessment/rhyming/variants/ap/map-02.webp	4f6780966c8f7687d76fa703af54c7e40d21f9a404b6a946f733b3e454700803	phonics-hfw	DIRECT_VISUAL_CONFIRMED_PATH_FAILURE	Human contact-sheet review confirmed a visible adjacent-panel/mosaic crop remnant or a busy crop that does not isolate the named target.
/images/assessment/rhyming/variants/ed/bed-02.webp	f88fd59cc0634bbaa4672db535fcd35b7a56afb95c0287910b73a1ef469f3b00	phonics-hfw	DIRECT_VISUAL_CONFIRMED_PATH_FAILURE	Human contact-sheet review confirmed a visible adjacent-panel/mosaic crop remnant or a busy crop that does not isolate the named target.
/images/assessment/rhyming/variants/eg/egg-02.webp	2fae42a80baf8d7983bcd19badb9e67f8a4bd9baf54c389f55d061ca4c04f18c	phonics-hfw	DIRECT_VISUAL_CONFIRMED_PATH_FAILURE	Human contact-sheet review confirmed a visible adjacent-panel/mosaic crop remnant or a busy crop that does not isolate the named target.
/images/assessment/rhyming/variants/eg/leg-02.webp	bf01b028b03fbd8927410c13968f04bad4bd8d1d2397e99eaa73f574be2014d5	phonics-hfw	DIRECT_VISUAL_CONFIRMED_PATH_FAILURE	Human contact-sheet review confirmed a visible adjacent-panel/mosaic crop remnant or a busy crop that does not isolate the named target.
/images/assessment/rhyming/variants/ell/bell-02.webp	fa562ee1a17e9aca20eb82bf46bb4a5dcdd639839201b5a90f235485a35672d2	phonics-hfw	DIRECT_VISUAL_CONFIRMED_PATH_FAILURE	Human contact-sheet review confirmed a visible adjacent-panel/mosaic crop remnant or a busy crop that does not isolate the named target.
/images/assessment/rhyming/variants/en/hen-02.webp	069afccf512ce5a66b92c05199b9aaa00df9d4b5a4093dae72fa7d7cf93860a0	phonics-hfw	DIRECT_VISUAL_CONFIRMED_PATH_FAILURE	Human contact-sheet review confirmed a visible adjacent-panel/mosaic crop remnant or a busy crop that does not isolate the named target.
/images/assessment/rhyming/variants/en/pen-02.webp	624f85690ea2d3a66c5a49c2fc0f82bee0c36b72fe56950c865bcf8aae6036da	phonics-hfw	DIRECT_VISUAL_CONFIRMED_PATH_FAILURE	Human contact-sheet review confirmed a visible adjacent-panel/mosaic crop remnant or a busy crop that does not isolate the named target.
/images/assessment/rhyming/variants/et/jet-02.webp	8e32d3b741358cb47c1649815b1b87327207cb3198d1af912048f667f6a06a08	phonics-hfw	DIRECT_VISUAL_CONFIRMED_PATH_FAILURE	Human contact-sheet review confirmed a visible adjacent-panel/mosaic crop remnant or a busy crop that does not isolate the named target.
/images/assessment/rhyming/variants/et/net-02.webp	d298832ee1848a0821a8f9e6d2e271b95f6ba02fad961af197cd3f0e0eb40752	phonics-hfw	DIRECT_VISUAL_CONFIRMED_PATH_FAILURE	Human contact-sheet review confirmed a visible adjacent-panel/mosaic crop remnant or a busy crop that does not isolate the named target.
/images/assessment/rhyming/variants/in/fin-02.webp	515993a7eec5dd82d231a2b493ca593f2f123a7ce715363305779955a2981cc6	phonics-hfw	DIRECT_VISUAL_CONFIRMED_PATH_FAILURE	Direct visual review confirmed the picture reads first as a whole shark, not an isolated fin.
/images/assessment/rhyming/variants/ip/zip-02.webp	2d51b65cb839402e2d4b08fc6f7bc2fb3848bda84dec5d8ead513601cff0d3c5	phonics-hfw	DIRECT_VISUAL_CONFIRMED_PATH_FAILURE	Direct visual review confirmed the picture reads first as a winter child; zip is subordinate/ambiguous.
/images/assessment/rhyming/variants/op/mop-02.webp	41b60d3dccff560572d3bb8972a225c8d8216b001b76d75839c067f1315062a6	phonics-hfw	DIRECT_VISUAL_CONFIRMED_PATH_FAILURE	Direct visual review confirmed anthropomorphic treatment and a non-neutral depiction of mop.
/images/assessment/rhyming/variants/op/top-02.webp	d70105011a5da8cc5b33b8221d4e91fcc8f911a87d44df21231e741835d46046	grammar-comprehension	wrong semantic sense	The card for spatial “top” depicts a spinning top toy.
/images/assessment/rhyming/variants/ot/hot-02.webp	81fde38198e7b0d73f203108b69f20a8ee3889ff4ab52187371e523dd6972d2f	phonics-hfw	DIRECT_VISUAL_CONFIRMED_PATH_FAILURE	Direct visual review confirmed the picture reads as soup; the adjective hot is not objectively recoverable from the still image.
/images/assessment/rhyming/variants/run/run-02.webp	6c581c03dab10935abff1d3b81c8169560042988a9964924c386e9ecfa88093f	phonics-hfw	DIRECT_VISUAL_CONFIRMED_PATH_FAILURE	Direct visual review confirmed the picture reads first as a dog; the action run is not isolated objectively.
